Date,JD.L,LLOY.L,SNN.L,WJG.L
2015-01-02,,62.17876052856445,,
2015-01-05,,60.92948532104492,,
2015-01-06,,59.50054931640625,,
2015-01-07,,59.6148567199707,,
2015-01-08,,60.5048828125,,
2015-01-09,,60.21092987060547,,
2015-01-12,,60.07211685180664,,
2015-01-13,,60.43138885498047,,
2015-01-14,,59.52504348754883,,
2015-01-15,,60.57019805908203,,
2015-01-16,,60.782501220703125,,
2015-01-19,,60.95396423339844,,
2015-01-20,,61.64801788330078,,
2015-01-21,,61.721500396728516,,
2015-01-22,,61.77050018310547,,
2015-01-23,,61.672523498535156,,
2015-01-26,,62.0562858581543,,
2015-01-27,,61.34590530395508,,
2015-01-28,,61.043792724609375,,
2015-01-29,,61.12544250488281,,
2015-01-30,,60.21908950805664,,
2015-02-02,,60.153770446777344,,
2015-02-03,,61.21527099609375,,
2015-02-04,,60.87232208251953,,
2015-02-05,,61.672523498535156,,
2015-02-06,,61.9011344909668,,
2015-02-09,,61.174434661865234,,
2015-02-10,,61.247920989990234,,
2015-02-11,,60.74167251586914,,
2015-02-12,,60.77433776855469,,
2015-02-13,,61.52553939819336,,
2015-02-16,,61.83583068847656,,
2015-02-17,,62.89731216430664,,
2015-02-18,,63.109619140625,,
2015-02-19,,63.06061935424805,,
2015-02-20,,63.67301559448242,,
2015-02-23,,64.52220153808594,,
2015-02-24,,64.6773452758789,,
2015-02-25,,64.70185089111328,,
2015-02-26,,64.09761047363281,,
2015-02-27,,64.50587463378906,,
2015-03-02,,65.3142318725586,,
2015-03-03,,64.86515045166016,,
2015-03-04,,65.21625518798828,,
2015-03-05,,66.08993530273438,,
2015-03-06,,66.49004364013672,,
2015-03-09,,65.62452697753906,,
2015-03-10,,64.30174255371094,,
2015-03-11,,63.820003509521484,,
2015-03-12,,64.669189453125,,
2015-03-13,,64.50587463378906,,
2015-03-16,,64.79166412353516,,
2015-03-17,,64.88147735595703,,
2015-03-18,,64.91414642333984,,
2015-03-19,,64.91414642333984,,
2015-03-20,,65.83680725097656,,
2015-03-23,,65.71434020996094,,
2015-03-24,,65.80416107177734,,
2015-03-25,,65.73067474365234,,
2015-03-26,,65.10194396972656,,
2015-03-27,,64.54671478271484,,
2015-03-30,,64.82433319091797,,
2015-03-31,,63.917964935302734,,
2015-04-01,,64.82433319091797,205.75460815429688,
2015-04-02,,65.18702697753906,207.13551330566406,
2015-04-07,,66.02783203125,211.738525390625,
2015-04-08,,65.68160247802734,216.34156799316406,
2015-04-09,,65.68160247802734,227.61888122558594,
2015-04-10,,65.36837005615234,234.75357055664062,
2015-04-13,,65.45079803466797,234.75357055664062,
2015-04-14,,65.86296081542969,234.75357055664062,
2015-04-15,,66.22566986083984,234.75357055664062,
2015-04-16,,65.86296081542969,232.91238403320312,
2015-04-17,,64.91500091552734,231.9917755126953,
2015-04-20,,64.78311157226562,235.0988006591797,
2015-04-21,,65.13755798339844,233.37266540527344,
2015-04-22,,64.48634338378906,230.1505584716797,
2015-04-23,,65.11282348632812,229.22996520996094,
2015-04-24,,65.2035140991211,232.4520721435547,
2015-04-27,,64.83257293701172,232.221923828125,
2015-04-28,,64.29676055908203,229.46009826660156,
2015-04-29,,63.81866455078125,229.46009826660156,
2015-04-30,,63.78567886352539,234.75357055664062,
2015-05-01,,68.31118774414062,231.9917755126953,
2015-05-05,,67.93199920654297,231.76162719726562,
2015-05-06,,68.1545639038086,231.53146362304688,
2015-05-07,,67.70118713378906,233.37266540527344,
2015-05-08,,71.59197235107422,232.68222045898438,
2015-05-11,,71.3858871459961,234.75357055664062,
2015-05-12,,71.73210144042969,239.3566131591797,
2015-05-13,,73.1499252319336,232.4520721435547,
2015-05-14,,73.21587371826172,233.4877471923828,
2015-05-15,,73.3642578125,233.37266540527344,
2015-05-18,,72.65533447265625,232.68222045898438,
2015-05-19,,72.5399169921875,233.2576141357422,
2015-05-20,,72.31737518310547,233.2576141357422,
2015-05-21,,72.40803527832031,235.6741943359375,
2015-05-22,,72.5234603881836,240.27719116210938,
2015-05-26,,71.56724548339844,240.27719116210938,
2015-05-27,,72.0535888671875,237.0550994873047,
2015-05-28,,72.490478515625,248.5625762939453,
2015-05-29,,72.350341796875,251.3244171142578,
2015-06-01,,73.08399963378906,250.8641357421875,
2015-06-02,,73.07573699951172,251.3244171142578,
2015-06-03,,73.30654907226562,251.7847137451172,
2015-06-04,,72.12776947021484,253.16563415527344,
2015-06-05,,71.78980255126953,257.998779296875,
2015-06-08,,71.24575805664062,262.60186767578125,
2015-06-09,,71.28697967529297,262.37164306640625,
2015-06-10,,71.4930419921875,262.1415100097656,
2015-06-11,,71.81454467773438,262.37164306640625,
2015-06-12,,71.67440032958984,262.37164306640625,
2015-06-15,,71.20454406738281,261.4510192871094,
2015-06-16,,70.64399719238281,262.37164306640625,
2015-06-17,,71.17981719970703,263.9826965332031,
2015-06-18,,70.99845886230469,262.37164306640625,
2015-06-19,,71.30345916748047,256.3876953125,
2015-06-22,,71.78157043457031,256.3876953125,
2015-06-23,,71.71562194824219,256.3876953125,
2015-06-24,,71.82278442382812,255.92739868164062,
2015-06-25,,72.1442642211914,254.8917999267578,
2015-06-26,,71.76506805419922,257.7686462402344,
2015-06-29,,70.78414154052734,250.40380859375,
2015-06-30,,70.26482391357422,245.34051513671875,
2015-07-01,,71.60020446777344,244.88021850585938,
2015-07-02,,71.06441497802734,248.5625762939453,
2015-07-03,,70.18238067626953,248.2174072265625,
2015-07-06,,69.3663101196289,246.60630798339844,
2015-07-07,,69.24266052246094,237.51536560058594,
2015-07-08,,67.86605072021484,238.66615295410156,
2015-07-09,,68.87995910644531,237.51536560058594,
2015-07-10,,69.51468658447266,231.07118225097656,
2015-07-13,,70.31427764892578,233.83297729492188,
2015-07-14,,70.60279083251953,231.07118225097656,
2015-07-15,,70.61103057861328,233.94805908203125,
2015-07-16,,71.31170654296875,234.75357055664062,
2015-07-17,,72.04534912109375,236.01939392089844,
2015-07-20,,72.20195770263672,237.40029907226562,
2015-07-21,,72.25141906738281,234.75357055664062,
2015-07-22,,71.85575103759766,234.75357055664062,
2015-07-23,,71.13036346435547,231.9917755126953,
2015-07-24,,70.36373138427734,235.6741943359375,
2015-07-27,,69.9186019897461,238.89630126953125,
2015-07-28,,70.18238067626953,235.55911254882812,
2015-07-29,,70.56156921386719,241.1977996826172,
2015-07-30,,70.90779113769531,240.7375030517578,
2015-07-31,,68.58322143554688,241.6580810546875,
2015-08-03,,68.4760513305664,242.5786895751953,
2015-08-04,,67.9814682006836,243.95957946777344,
2015-08-05,,68.33592987060547,245.80079650878906,
2015-08-06,,68.6656494140625,242.2334747314453,
2015-08-07,,67.70118713378906,243.95957946777344,
2015-08-10,,67.01702117919922,248.5625762939453,
2015-08-11,,66.83566284179688,243.4993133544922,
2015-08-12,,66.0772933959961,248.5625762939453,
2015-08-13,,66.11056518554688,243.95957946777344,
2015-08-14,,66.65144348144531,248.5625762939453,
2015-08-17,,66.5682373046875,244.3048553466797,
2015-08-18,,66.80121612548828,244.07469177246094,
2015-08-19,,65.6612319946289,247.64199829101562,
2015-08-20,,65.20358276367188,255.6973114013672,
2015-08-21,,63.114994049072266,251.09432983398438,
2015-08-24,,61.126277923583984,243.03903198242188,
2015-08-25,,63.80564880371094,247.411865234375,
2015-08-26,,63.3063850402832,249.02293395996094,
2015-08-27,,64.63774108886719,248.5625762939453,
2015-08-28,,64.38811492919922,257.5384826660156,
2015-09-01,,62.87369155883789,259.3796691894531,
2015-09-02,,63.12332534790039,264.9032897949219,
2015-09-03,,64.0053482055664,265.04205322265625,
2015-09-04,,62.84040832519531,265.2733459472656,
2015-09-07,,62.9652099609375,259.0289001464844,
2015-09-08,,63.139957427978516,264.1169738769531,
2015-09-09,,64.07190704345703,269.2050476074219,
2015-09-10,,63.50608444213867,269.6675720214844,
2015-09-11,,63.05675506591797,269.436279296875,
2015-09-14,,61.983333587646484,263.6544189453125,
2015-09-15,,62.89032745361328,274.75567626953125,
2015-09-16,,62.82375717163086,276.6058349609375,
2015-09-17,,61.82524871826172,276.3746032714844,
2015-09-18,,60.502197265625,277.5309753417969,
2015-09-21,,61.76700210571289,269.2050476074219,
2015-09-22,,60.16102981567383,268.27996826171875,
2015-09-23,,60.7018928527832,268.27996826171875,
2015-09-24,,61.442466735839844,267.8173522949219,
2015-09-25,,62.832096099853516,268.27996826171875,
2015-09-28,,61.65049362182617,271.9803771972656,
2015-09-29,,61.04306411743164,269.6675720214844,
2015-09-30,,62.540855407714844,269.89886474609375,
2015-10-01,,62.59077835083008,270.1301574707031,
2015-10-02,,63.697471618652344,268.27996826171875,
2015-10-05,,64.29659271240234,263.6544189453125,
2015-10-06,,63.997032165527344,261.80419921875,
2015-10-07,,63.80564880371094,263.1918640136719,
2015-10-08,,63.472801208496094,263.6544189453125,
2015-10-09,,64.24665832519531,263.3075256347656,
2015-10-12,,63.156612396240234,259.0289001464844,
2015-10-13,,62.199684143066406,261.3416748046875,
2015-10-14,,61.47575378417969,263.4231262207031,
2015-10-15,,62.09983444213867,263.6544189453125,
2015-10-16,,62.574119567871094,263.6544189453125,
2015-10-19,,62.79880905151367,262.7293701171875,
2015-10-20,,62.89032745361328,263.53875732421875,
2015-10-21,,63.49775695800781,265.504638671875,
2015-10-22,,63.847251892089844,269.6675720214844,
2015-10-23,,64.76255798339844,282.6190185546875,
2015-10-26,,64.48796081542969,286.7820129394531,
2015-10-27,,64.40474700927734,287.0132751464844,
2015-10-28,,61.57560348510742,291.40753173828125,
2015-10-29,,61.758663177490234,284.0066833496094,
2015-10-30,,61.35094451904297,284.0066833496094,
2015-11-02,,62.407711029052734,282.1565246582031,
2015-11-03,,61.966697692871094,279.38116455078125,
2015-11-04,,61.4507942199707,277.5309753417969,
2015-11-05,,60.66029357910156,277.76226806640625,
2015-11-06,,61.35926055908203,284.70050048828125,
2015-11-09,,60.743507385253906,295.1079406738281,
2015-11-10,,60.71022415161133,304.3589782714844,
2015-11-11,,61.11793899536133,314.9976806640625,
2015-11-12,,60.360740661621094,337.6627197265625,
2015-11-13,,60.52716064453125,329.79931640625,
2015-11-16,,60.477230072021484,324.7112121582031,
2015-11-17,,61.442466735839844,331.1869201660156,
2015-11-18,,61.57560348510742,331.1869201660156,
2015-11-19,,61.01810836791992,331.6495056152344,
2015-11-20,,59.728336334228516,334.88739013671875,
2015-11-23,,59.728336334228516,328.874267578125,
2015-11-24,,59.578556060791016,336.73760986328125,
2015-11-25,,60.052860260009766,334.88739013671875,
2015-11-26,,60.85167694091797,331.1869201660156,
2015-11-27,,61.07634353637695,336.50628662109375,
2015-11-30,,60.71022415161133,333.9622497558594,
2015-12-01,,62.16639709472656,328.4116516113281,
2015-12-02,,61.95005416870117,333.0371398925781,
2015-12-03,,60.743507385253906,328.4116516113281,
2015-12-04,,60.751827239990234,328.4116516113281,
2015-12-07,,60.310821533203125,325.6363525390625,
2015-12-08,,59.337249755859375,356.1647644042969,
2015-12-09,,58.80470657348633,352.9268798828125,
2015-12-10,,59.9446907043457,356.1647644042969,
2015-12-11,,58.255523681640625,337.6627197265625,
2015-12-14,,57.14882278442383,337.6627197265625,
2015-12-15,,58.53011703491211,332.1120300292969,
2015-12-16,,58.68820571899414,331.6495056152344,
2015-12-17,,59.35390090942383,341.8256530761719,
2015-12-18,,59.11257553100586,341.3630676269531,
2015-12-21,,59.037689208984375,341.3630676269531,
2015-12-22,,59.337249755859375,338.1252136230469,
2015-12-23,,61.28437805175781,336.50628662109375,
2015-12-29,,61.57560348510742,343.2132568359375,
2015-12-30,,61.242767333984375,342.2882385253906,
2016-01-04,,59.387184143066406,345.0635070800781,
2016-01-05,,59.553592681884766,340.43798828125,
2016-01-06,,59.07929611206055,345.52606201171875,
2016-01-07,,57.82282257080078,345.0635070800781,
2016-01-08,,57.30691909790039,337.6627197265625,
2016-01-11,,57.356849670410156,336.73760986328125,
2016-01-12,,57.66472625732422,346.9136657714844,
2016-01-13,,56.41657257080078,350.84539794921875,
2016-01-14,,55.359798431396484,355.9334716796875,
2016-01-15,,53.845375061035156,351.5391845703125,
2016-01-18,,53.22129440307617,344.1383972167969,
2016-01-19,,54.73572540283203,342.2882385253906,
2016-01-20,,53.29618453979492,323.7861022949219,
2016-01-21,,53.83705139160156,327.02398681640625,
2016-01-22,,55.63439178466797,342.2882385253906,
2016-01-25,,52.53897476196289,346.68243408203125,
2016-01-26,,53.86201477050781,342.2882385253906,
2016-01-27,,54.02011489868164,337.6627197265625,
2016-01-28,,53.312828063964844,342.2882385253906,
2016-01-29,,54.469451904296875,342.51947021484375,
2016-02-01,,53.41268539428711,337.6627197265625,
2016-02-02,,51.54044723510742,337.6627197265625,
2016-02-03,,50.50032043457031,342.2882385253906,
2016-02-04,,52.2310905456543,339.97540283203125,
2016-02-05,,51.4239501953125,335.8124694824219,
2016-02-08,,49.39362335205078,330.2618408203125,
2016-02-09,,48.37013626098633,314.53509521484375,
2016-02-10,,48.59480667114258,296.0329895019531,
2016-02-11,,46.59775924682617,303.4338684082031,
2016-02-12,,48.661373138427734,296.0329895019531,
2016-02-15,,49.793033599853516,305.2840576171875,
2016-02-16,,50.38382339477539,305.2840576171875,
2016-02-17,,52.247737884521484,312.68487548828125,
2016-02-18,,51.95649719238281,332.1120300292969,
2016-02-19,,51.4239501953125,323.7861022949219,
2016-02-22,,52.52233123779297,323.7861022949219,
2016-02-23,,52.364234924316406,326.56146240234375,
2016-02-24,,51.75679397583008,323.7861022949219,
2016-02-25,,58.77973556518555,324.01739501953125,
2016-02-26,,60.01957321166992,319.3918762207031,
2016-02-29,,60.24423599243164,319.3918762207031,
2016-03-01,,60.8017578125,317.54168701171875,
2016-03-02,,60.96817398071289,316.6165771484375,
2016-03-03,,60.39401626586914,322.1672058105469,
2016-03-04,,60.943214416503906,314.53509521484375,
2016-03-07,,60.53548049926758,314.76641845703125,
2016-03-08,,58.771419525146484,314.53509521484375,
2016-03-09,,58.055809020996094,314.53509521484375,
2016-03-10,,57.37348556518555,315.460205078125,
2016-03-11,,58.372013092041016,314.9976806640625,
2016-03-14,,58.50514602661133,323.20794677734375,
2016-03-15,,57.5898323059082,327.4864807128906,
2016-03-16,,57.240360260009766,335.8124694824219,
2016-03-17,,57.66472625732422,325.8676452636719,
2016-03-18,,58.16398239135742,323.7861022949219,
2016-03-21,,58.07246017456055,319.1606140136719,
2016-03-22,,57.71465301513672,321.9359436035156,
2016-03-23,,57.33189010620117,325.17376708984375,-109.31873321533203
2016-03-24,,56.62459945678711,332.3433532714844,-109.5893325805664
2016-03-29,,56.58299255371094,341.3630676269531,-109.31873321533203
2016-03-30,,56.41657257080078,356.1647644042969,-110.1305160522461
2016-03-31,,56.599632263183594,359.1712951660156,-110.4011001586914
2016-04-01,,56.5413818359375,373.2791442871094,-110.9422836303711
2016-04-04,,56.849266052246094,379.29229736328125,-110.4011001586914
2016-04-05,,55.700958251953125,370.50384521484375,-113.648193359375
2016-04-06,,56.649559020996094,383.68658447265625,-116.8952865600586
2016-04-07,,55.15206527709961,387.61822509765625,-115.81291198730469
2016-04-08,,56.07098388671875,392.93756103515625,-116.3541030883789
2016-04-11,,55.74766159057617,411.43963623046875,-118.51882934570312
2016-04-12,,56.70061492919922,405.6577453613281,-118.24823760986328
2016-04-13,,58.708614349365234,398.719482421875,-118.24823760986328
2016-04-14,,58.53844451904297,398.3446044921875,-118.78942108154297
2016-04-15,,58.027931213378906,400.6877746582031,-118.78942108154297
2016-04-18,,58.240638732910156,401.15643310546875,-119.87176513671875
2016-04-19,,57.73013687133789,401.859375,-119.60118865966797
2016-04-20,,57.653564453125,400.922119140625,-119.3305892944336
2016-04-21,,58.45335388183594,400.2191162109375,-119.06000518798828
2016-04-22,,57.857765197753906,400.6877746582031,-119.06000518798828
2016-04-25,,57.508914947509766,403.0309753417969,-119.06000518798828
2016-04-26,,59.55946350097656,400.2191162109375,-119.06000518798828
2016-04-27,,58.921329498291016,400.2191162109375,-115.00115203857422
2016-04-28,,57.95136260986328,414.27838134765625,-115.54232025146484
2016-04-29,,57.06648635864258,413.575439453125,-115.81291198730469
2016-05-03,,55.807212829589844,403.2652893066406,-115.54232025146484
2016-05-04,,55.12653732299805,403.0309753417969,-116.08350372314453
2016-05-05,,54.52244186401367,403.0309753417969,-116.08350372314453
2016-05-06,,55.31373596191406,400.4534606933594,-116.08350372314453
2016-05-09,,54.76918411254883,403.0309753417969,-117.1658706665039
2016-05-10,,55.662574768066406,403.2652893066406,-117.70706176757812
2016-05-11,,55.89230728149414,403.4996337890625,-117.70706176757812
2016-05-12,,55.2286491394043,403.96826171875,-117.97764587402344
2016-05-13,,56.49641418457031,409.35760498046875,-117.97764587402344
2016-05-16,,56.72613525390625,405.8428039550781,-117.97764587402344
2016-05-17,,57.24515151977539,404.43695068359375,-117.97764587402344
2016-05-18,,59.134037017822266,407.0144348144531,-117.97764587402344
2016-05-19,,58.77667999267578,420.1363220214844,-117.97764587402344
2016-05-20,,59.848758697509766,408.1860046386719,-117.97764587402344
2016-05-23,,59.74665832519531,405.37420654296875,-121.22472381591797
2016-05-24,,61.6185188293457,400.4534606933594,-121.22472381591797
2016-05-25,,62.74164581298828,403.73394775390625,-122.0365219116211
2016-05-26,,61.95035171508789,406.31146240234375,-121.76592254638672
2016-05-27,,61.64404296875,412.16943359375,-122.57769012451172
2016-05-31,,61.278175354003906,403.96826171875,-123.66006469726562
2016-06-01,,60.699607849121094,403.0309753417969,-124.4718246459961
2016-06-02,,60.01041030883789,410.06060791015625,-123.9306411743164
2016-06-03,,59.55946350097656,403.0309753417969,-123.66006469726562
2016-06-06,,59.2531623840332,407.48309326171875,-124.20122528076172
2016-06-07,,59.77218246459961,414.04400634765625,-123.38945770263672
2016-06-08,,59.44034194946289,420.83935546875,-123.9306411743164
2016-06-09,,58.80221939086914,418.7304382324219,-124.4718246459961
2016-06-10,,57.04946517944336,420.1363220214844,-122.30709838867188
2016-06-13,,54.65006637573242,413.1067810058594,-118.51882934570312
2016-06-14,,52.90582275390625,391.7835693359375,-118.24823760986328
2016-06-15,,53.60352325439453,396.9386901855469,-119.06000518798828
2016-06-16,,52.2081298828125,384.051025390625,-118.59986114501953
2016-06-17,,55.34776306152344,407.7173767089844,-118.3259506225586
2016-06-20,,59.55946350097656,405.37420654296875,-121.6127700805664
2016-06-21,,59.84024429321289,407.7173767089844,-119.42156982421875
2016-06-22,,60.02743148803711,407.95166015625,-119.42156982421875
2016-06-23,,61.3887939453125,410.52923583984375,-121.6127700805664
2016-06-24,,48.49842071533203,374.91253662109375,-118.05204010009766
2016-06-27,,43.52095413208008,360.85333251953125,-111.75228118896484
2016-06-28,,46.754180908203125,360.85333251953125,-109.83496856689453
2016-06-29,,47.23917007446289,370.2261047363281,-112.84789276123047
2016-06-30,,45.996925354003906,379.5989685058594,-117.23033905029297
2016-07-01,,46.24366760253906,377.4900817871094,-112.84789276123047
2016-07-04,,45.20563888549805,362.0249328613281,-114.76521301269531
2016-07-05,,43.410343170166016,356.63555908203125,-111.20447540283203
2016-07-06,,40.45789337158203,346.7941589355469,-111.75228118896484
2016-07-07,,42.2872200012207,347.2627258300781,-111.75228118896484
2016-07-08,,44.75468444824219,349.84027099609375,-110.65668487548828
2016-07-11,,46.669097900390625,348.1999816894531,-111.20447540283203
2016-07-12,,47.86029052734375,350.543212890625,-111.47838592529297
2016-07-13,,47.068992614746094,343.51361083984375,-113.12179565429688
2016-07-14,,47.8177375793457,347.4970397949219,-117.23033905029297
2016-07-15,,47.639068603515625,344.45086669921875,-118.3259506225586
2016-07-18,,47.298728942871094,342.342041015625,-120.51716613769531
2016-07-19,,47.1625862121582,344.9195556640625,-118.3259506225586
2016-07-20,,48.3027229309082,345.62249755859375,-116.68253326416016
2016-07-21,,47.8177375793457,354.0580139160156,-118.05204010009766
2016-07-22,,46.362789154052734,354.0580139160156,-116.40863037109375
2016-07-25,,45.77570343017578,346.0911560058594,-120.24327850341797
2016-07-26,,46.056480407714844,354.0580139160156,-119.42156982421875
2016-07-27,,47.43485641479492,354.0580139160156,-120.51716613769531
2016-07-28,,44.66960144042969,353.1207580566406,-122.7083969116211
2016-07-29,,45.222652435302734,355.9325866699219,-123.80400848388672
2016-08-01,,45.3077392578125,350.30889892578125,-127.0908432006836
2016-08-02,,44.865299224853516,355.6982727050781,-122.7083969116211
2016-08-03,,45.086517333984375,356.1668701171875,-123.53012084960938
2016-08-04,,44.201637268066406,360.85333251953125,-125.7213134765625
2016-08-05,,45.222652435302734,363.6651611328125,-120.79106903076172
2016-08-08,,46.413841247558594,365.53973388671875,-125.17352294921875
2016-08-09,,46.83076095581055,365.53973388671875,-122.16057586669922
2016-08-10,,47.21363830566406,365.53973388671875,-122.43448638916016
2016-08-11,,47.714813232421875,364.8367919921875,-124.62570190429688
2016-08-12,,47.87034606933594,370.2261047363281,-123.80400848388672
2016-08-15,,47.09267044067383,369.0545654296875,-124.62570190429688
2016-08-16,,46.61741638183594,373.0379638671875,-122.9822998046875
2016-08-17,,46.2113037109375,393.658203125,-121.88668823242188
2016-08-18,,46.54829025268555,396.47003173828125,-122.9822998046875
2016-08-19,,47.73208999633789,401.15643310546875,-123.80400848388672
2016-08-22,,47.99131393432617,400.4534606933594,-121.6127700805664
2016-08-23,,49.762691497802734,399.75048828125,-122.9822998046875
2016-08-24,,51.214351654052734,403.96826171875,-121.6127700805664
2016-08-25,,50.43667984008789,406.31146240234375,-123.25618743896484
2016-08-26,,50.125606536865234,408.1860046386719,-123.25618743896484
2016-08-30,,50.860084533691406,416.1529235839844,-123.25618743896484
2016-08-31,,51.28348159790039,412.8724670410156,-123.53012084960938
2016-09-01,,52.398155212402344,426.6973571777344,-123.80400848388672
2016-09-02,,52.666019439697266,437.9447326660156,-121.33888244628906
2016-09-05,,51.54270935058594,443.3340759277344,-121.88668823242188
2016-09-06,,50.18609619140625,442.39678955078125,-121.6127700805664
2016-09-07,,49.78861618041992,440.2879333496094,-119.42156982421875
2016-09-08,,50.860084533691406,432.7896728515625,-120.79106903076172
2016-09-09,,51.248924255371094,431.1494140625,-120.51716613769531
2016-09-12,,49.226959228515625,433.2583312988281,-120.51716613769531
2016-09-13,,48.725791931152344,441.4595031738281,-126.26911926269531
2016-09-14,,49.097347259521484,437.7104187011719,-124.351806640625
2016-09-15,,49.01958084106445,451.5835266113281,-125.7213134765625
2016-09-16,,48.82947540283203,442.8538513183594,-125.9952392578125
2016-09-19,,49.25288009643555,443.08978271484375,-123.80400848388672
2016-09-20,,48.76899337768555,442.3819580078125,-124.351806640625
2016-09-21,,49.339290618896484,450.6397399902344,-125.9952392578125
2016-09-22,,49.38249588012695,446.6288146972656,-128.1864471435547
2016-09-23,,48.371517181396484,444.26947021484375,-129.2820587158203
2016-09-26,,46.876644134521484,445.6850891113281,-128.7342529296875
2016-09-27,,47.21363830566406,447.33660888671875,-130.37767028808594
2016-09-28,,47.98267364501953,442.3819580078125,-132.5688934326172
2016-09-29,,47.948116302490234,431.2929382324219,-135.85572814941406
2016-09-30,,47.135868072509766,431.0569763183594,-132.5688934326172
2016-10-03,,47.27412414550781,449.2241516113281,-135.0340118408203
2016-10-04,,47.32597351074219,443.797607421875,-133.6645050048828
2016-10-05,,47.2654914855957,443.5616455078125,-131.47328186035156
2016-10-06,,47.51607131958008,454.41473388671875,-130.37767028808594
2016-10-07,,45.36449432373047,458.4256896972656,-128.1864471435547
2016-10-10,,45.26081085205078,450.8757019042969,-129.2820587158203
2016-10-11,,46.34955596923828,457.2460021972656,-129.55593872070312
2016-10-12,,45.82246017456055,455.3584899902344,-131.7471923828125
2016-10-13,,45.39041519165039,464.79595947265625,-132.5688934326172
2016-10-14,,45.304012298583984,469.7506103515625,-132.84278869628906
2016-10-17,,45.64100646972656,503.4896545410156,-128.46034240722656
2016-10-18,,46.60877990722656,504.9052734375,-130.10379028320312
2016-10-19,,47.41238021850586,502.0740051269531,-132.5688934326172
2016-10-20,,48.00859832763672,504.9052734375,-129.82986450195312
2016-10-21,,47.645687103271484,518.1177368164062,-130.9254608154297
2016-10-24,,47.4987907409668,516.230224609375,-130.9254608154297
2016-10-25,,47.8271369934082,507.7364501953125,-128.1864471435547
2016-10-26,,48.28511428833008,500.1865539550781,-128.1864471435547
2016-10-27,,49.6849250793457,499.2427978515625,-131.47328186035156
2016-10-28,,49.892303466796875,490.74908447265625,-134.7601318359375
2016-10-31,,49.477542877197266,495.4678039550781,-128.7342529296875
2016-11-01,,48.59617614746094,500.1865539550781,-130.10379028320312
2016-11-02,,47.65432357788086,494.5240783691406,-134.21229553222656
2016-11-03,,48.41471481323242,490.74908447265625,-131.1993865966797
2016-11-04,,47.92218780517578,481.31158447265625,-128.1864471435547
2016-11-07,,48.44928741455078,478.4803161621094,-130.6515655517578
2016-11-08,,48.59617614746094,477.5365905761719,-135.85572814941406
2016-11-09,,49.693565368652344,467.39129638671875,-132.84278869628906
2016-11-10,,51.52543258666992,471.8741149902344,-132.5688934326172
2016-11-11,,51.4130973815918,469.2787780761719,-129.2820587158203
2016-11-14,,52.337669372558594,476.59283447265625,-129.82986450195312
2016-11-15,,53.05485916137695,473.2897033691406,-127.36473083496094
2016-11-16,,52.19941329956055,465.7397155761719,-129.2820587158203
2016-11-17,,51.827857971191406,462.67254638671875,-129.55593872070312
2016-11-18,,51.36125183105469,460.7850646972656,-132.0210723876953
2016-11-21,,51.07610321044922,467.1553649902344,-130.9254608154297
2016-11-22,,51.629119873046875,466.2115783691406,-129.82986450195312
2016-11-23,,51.53406524658203,462.67254638671875,-130.37767028808594
2016-11-24,,51.568634033203125,462.67254638671875,-129.2820587158203
2016-11-25,,50.78231430053711,462.67254638671875,-129.55593872070312
2016-11-28,,49.99599838256836,462.67254638671875,-128.7342529296875
2016-11-29,,49.86638259887695,466.91943359375,-129.82986450195312
2016-11-30,,50.004638671875,508.2084045410156,-130.37767028808594
2016-12-01,,49.762691497802734,504.9052734375,-129.82986450195312
2016-12-02,,49.72813034057617,517.1739501953125,-129.2820587158203
2016-12-05,,50.33298873901367,534.63330078125,-129.2820587158203
2016-12-06,,51.395816802978516,561.0582885742188,-129.2820587158203
2016-12-07,,53.806617736816406,566.7208251953125,-128.7342529296875
2016-12-08,,54.238651275634766,567.1926879882812,-129.2820587158203
2016-12-09,,53.34864807128906,594.5614013671875,-129.00814819335938
2016-12-12,,53.03758239746094,594.5614013671875,-128.7342529296875
2016-12-13,,54.04855728149414,601.1676025390625,-129.2820587158203
2016-12-14,,54.230018615722656,590.786376953125,-129.2820587158203
2016-12-15,,55.62120056152344,593.1456909179688,-129.2820587158203
2016-12-16,,55.111385345458984,589.8426513671875,-129.2820587158203
2016-12-19,,54.04855728149414,591.7301635742188,-129.2820587158203
2016-12-20,,55.24964141845703,588.8988647460938,-129.2820587158203
2016-12-21,,55.543426513671875,578.5177001953125,-129.2820587158203
2016-12-22,,55.30147933959961,571.911376953125,-129.14512634277344
2016-12-23,,55.12866973876953,570.9677124023438,-128.7342529296875
2016-12-28,,54.91264724731445,556.8114013671875,-129.00814819335938
2016-12-29,,54.24729919433594,556.3394775390625,-129.00814819335938
2016-12-30,,54.01399612426758,552.0927124023438,-129.00814819335938
2017-01-03,,55.83721923828125,561.5301513671875,-129.2820587158203
2017-01-04,,55.966827392578125,578.5177001953125,-129.2820587158203
2017-01-05,,55.863136291503906,573.7988891601562,-128.59730529785156
2017-01-06,,56.9432487487793,571.439453125,-128.1864471435547
2017-01-09,,56.35566711425781,575.2144775390625,-127.6386489868164
2017-01-10,,57.53082275390625,571.911376953125,-127.91253662109375
2017-01-11,,57.32344055175781,572.3832397460938,-128.1864471435547
2017-01-12,,57.05557632446289,572.8551025390625,-128.7342529296875
2017-01-13,,57.064212799072266,570.0239868164062,-129.00814819335938
2017-01-16,,55.897708892822266,570.0239868164062,-130.37767028808594
2017-01-17,,56.55440139770508,574.270751953125,-135.30792236328125
2017-01-18,,56.32974624633789,574.74267578125,-141.88156127929688
2017-01-19,,55.94090270996094,572.8551025390625,-147.35964965820312
2017-01-20,,56.22605514526367,579.9332275390625,-143.7989044189453
2017-01-23,,55.647117614746094,575.6864013671875,-144.62060546875
2017-01-24,,55.47429656982422,575.2144775390625,-142.42938232421875
2017-01-25,,56.63217544555664,559.1707763671875,-142.42938232421875
2017-01-26,,57.17654800415039,562.4739990234375,-144.2974395751953
2017-01-27,,56.917327880859375,562.94580078125,-144.0177764892578
2017-01-30,,56.08780288696289,565.7769775390625,-143.73812866210938
2017-01-31,,56.10508346557617,587.0114135742188,-151.84786987304688
2017-02-01,,56.528480529785156,616.2675170898438,-152.68678283691406
2017-02-02,,56.070518493652344,617.2113037109375,-153.5257568359375
2017-02-03,,56.9000358581543,641.748779296875,-153.80538940429688
2017-02-06,,57.081504821777344,650.7144165039062,-154.36468505859375
2017-02-07,,57.14198303222656,655.9049682617188,-156.32220458984375
2017-02-08,,56.6667366027832,665.3424682617188,-159.95761108398438
2017-02-09,,57.15062713623047,654.4893798828125,-164.99122619628906
2017-02-10,,56.71858215332031,637.5018310546875,-165.83016967773438
2017-02-13,,56.9000358581543,637.5018310546875,-166.94876098632812
2017-02-14,,57.45305633544922,637.9737548828125,-162.75405883789062
2017-02-15,,58.29986572265625,646.9393920898438,-162.1947784423828
2017-02-16,,58.10976028442383,645.5237426757812,-163.03372192382812
2017-02-17,,57.772769927978516,639.389404296875,-162.1947784423828
2017-02-20,,58.196170806884766,639.389404296875,-161.3558349609375
2017-02-21,,57.69499969482422,644.5800170898438,-159.39830017089844
2017-02-22,,60.22677230834961,641.748779296875,-158.83901977539062
2017-02-23,,60.097164154052734,632.7831420898438,-158.55938720703125
2017-02-24,,59.863853454589844,611.5487670898438,-162.4744110107422
2017-02-27,,59.79472732543945,610.6050415039062,-163.03372192382812
2017-02-28,,59.33675765991211,612.4924926757812,-166.94876098632812
2017-03-01,,59.48365783691406,632.7831420898438,-167.22840881347656
2017-03-02,,59.54414749145508,634.1988525390625,-167.508056640625
2017-03-03,,59.1207389831543,633.7268676757812,-166.3894805908203
2017-03-06,,58.33443069458008,633.2550048828125,-166.66912841796875
2017-03-07,,58.32578659057617,630.4237670898438,-166.94876098632812
2017-03-08,,59.025691986083984,629.951904296875,-173.38063049316406
2017-03-09,,59.23307800292969,627.1206665039062,-166.94876098632812
2017-03-10,,59.41452407836914,622.8738403320312,-171.14346313476562
2017-03-13,,59.224430084228516,623.8175048828125,-169.18592834472656
2017-03-14,,58.628211975097656,625.2332153320312,-174.49920654296875
2017-03-15,,58.956565856933594,621.9299926757812,-173.38063049316406
2017-03-16,,60.12308120727539,622.8738403320312,-174.49920654296875
2017-03-17,,59.91569900512695,622.8738403320312,-178.97354125976562
2017-03-20,,59.881141662597656,611.5487670898438,-175.61776733398438
2017-03-21,,59.39725112915039,618.1550903320312,-176.73638916015625
2017-03-22,,58.4381103515625,615.3237915039062,-172.26202392578125
2017-03-23,,59.129390716552734,610.1332397460938,-171.98239135742188
2017-03-24,,58.80103302001953,609.189453125,-161.91513061523438
2017-03-27,,57.85053634643555,605.4144287109375,-162.1947784423828
2017-03-28,,57.7122802734375,594.5614013671875,-161.63548278808594
2017-03-29,,57.49626159667969,613.9081420898438,-167.78770446777344
2017-03-30,,57.59131622314453,650.7144165039062,-165.55052185058594
2017-03-31,,57.30615997314453,651.6581420898438,-167.78770446777344
2017-04-03,,57.05557632446289,653.5455932617188,-172.26202392578125
2017-04-04,,56.60625457763672,658.264404296875,-172.26202392578125
2017-04-05,,56.58897018432617,659.2081298828125,-178.6938934326172
2017-04-06,,56.41154861450195,656.7316284179688,-177.85496520996094
2017-04-07,,55.9058952331543,662.4464721679688,-177.29566955566406
2017-04-10,,55.9325065612793,670.54248046875,-174.49920654296875
2017-04-11,,55.85266876220703,700.5455322265625,-174.21957397460938
2017-04-12,,55.480079650878906,686.734619140625,-175.61776733398438
2017-04-13,,55.63088607788086,703.8792114257812,-180.3717803955078
2017-04-18,,55.178462982177734,686.734619140625,-180.6514129638672
2017-04-19,,56.4736442565918,671.4949951171875,-182.6089324951172
2017-04-20,,56.828487396240234,656.2554931640625,-186.80364990234375
2017-04-21,,57.10350036621094,637.68212890625,-185.12576293945312
2017-04-24,,58.76239776611328,638.6346435546875,-186.80364990234375
2017-04-25,,59.392250061035156,634.8246459960938,-188.7611541748047
2017-04-26,,59.80032730102539,621.0137939453125,-193.51513671875
2017-04-27,,61.18422317504883,626.7286987304688,-194.63372802734375
2017-04-28,,61.38825607299805,620.5376586914062,-192.67620849609375
2017-05-02,,61.38825607299805,611.4891357421875,-191.5576171875
2017-05-03,,61.264060974121094,605.2979736328125,-192.3965606689453
2017-05-04,,62.09794998168945,603.39306640625,-192.11692810058594
2017-05-05,,62.09794998168945,595.2969970703125,-192.3965606689453
2017-05-08,,61.61003112792969,591.96337890625,-192.3965606689453
2017-05-09,,61.228572845458984,600.0594482421875,-190.15940856933594
2017-05-10,,61.991493225097656,603.8693237304688,-192.67620849609375
2017-05-11,,61.79633712768555,618.6326293945312,-194.074462890625
2017-05-12,,60.944698333740234,616.25146484375,-191.27796936035156
2017-05-15,,61.55681228637695,619.1088256835938,-192.3965606689453
2017-05-16,,62.231014251708984,623.8712158203125,-194.63372802734375
2017-05-17,,63.446353912353516,621.4901123046875,-193.7947998046875
2017-05-18,,63.23344802856445,609.10791015625,-194.074462890625
2017-05-19,,63.677005767822266,604.82177734375,-196.87091064453125
2017-05-22,,63.685882568359375,618.6326293945312,-195.7523193359375
2017-05-23,,64.01412200927734,619.1088256835938,-197.15054321289062
2017-05-24,,64.3778305053711,642.444580078125,-198.54876708984375
2017-05-25,,64.8479995727539,638.1583862304688,-199.1080780029297
2017-05-26,,63.64152526855469,639.1109008789062,-201.34523010253906
2017-05-30,,63.091514587402344,638.1583862304688,-202.46383666992188
2017-05-31,,62.62134552001953,631.4910278320312,-209.17532348632812
2017-06-01,,62.23989486694336,627.6812133789062,-205.819580078125
2017-06-02,,61.521324157714844,627.2049560546875,-204.14170837402344
2017-06-05,,61.55681228637695,631.96728515625,-202.46383666992188
2017-06-06,,61.15760040283203,625.7762451171875,-196.31161499023438
2017-06-07,,62.16891098022461,629.1099243164062,-195.7523193359375
2017-06-08,,62.736663818359375,631.96728515625,-203.90866088867188
2017-06-09,,62.10681915283203,614.346435546875,-201.64300537109375
2017-06-12,,61.29954147338867,613.8703002929688,-201.07659912109375
2017-06-13,,60.84711456298828,612.4415893554688,-201.92623901367188
2017-06-14,,60.23500442504883,614.346435546875,-207.87355041503906
2017-06-15,,60.314842224121094,611.0128173828125,-213.8208770751953
2017-06-16,,60.802757263183594,603.8693237304688,-215.5201416015625
2017-06-19,,60.944698333740234,610.53662109375,-222.03387451171875
2017-06-20,,59.44548034667969,615.2988891601562,-217.78578186035156
2017-06-21,,59.5874137878418,615.7752685546875,-222.88351440429688
2017-06-22,,59.43660354614258,601.0119018554688,-225.715576171875
2017-06-23,,59.152732849121094,603.8693237304688,-217.50257873535156
2017-06-26,,58.976200103759766,591.0108642578125,-223.84185791015625
2017-06-27,,58.61248016357422,590.0584106445312,-221.6068115234375
2017-06-28,,59.08176040649414,598.1544189453125,-225.998779296875
2017-06-29,,59.569671630859375,604.3455200195312,-222.88351440429688
2017-06-30,,58.68256378173828,607.6792602539062,-224.58273315429688
2017-07-03,,59.17934036254883,604.82177734375,-225.14915466308594
2017-07-04,,59.126121520996094,616.25146484375,-223.73312377929688
2017-07-05,,58.27449417114258,631.4910278320312,-222.88351440429688
2017-07-06,,59.152732849121094,619.5851440429688,-221.46746826171875
2017-07-07,,59.01966094970703,634.3485107421875,-223.4499053955078
2017-07-10,,59.0462760925293,610.0603637695312,-224.2995147705078
2017-07-11,,58.150299072265625,612.4987182617188,-223.4499053955078
2017-07-12,,58.58497619628906,625.7762451171875,-224.2995147705078
2017-07-13,,59.791446685791016,626.7286987304688,-221.46746826171875
2017-07-14,,59.38337326049805,619.1088256835938,-219.7682342529297
2017-07-17,,59.55192947387695,624.8237915039062,-223.73312377929688
2017-07-18,,59.347896575927734,643.873291015625,-223.73312377929688
2017-07-19,,60.394683837890625,636.7296142578125,-222.88351440429688
2017-07-20,,60.935829162597656,646.730712890625,-222.6002960205078
2017-07-21,,60.421302795410156,653.8742065429688,-222.88351440429688
2017-07-24,,60.22612762451172,661.9702758789062,-222.03387451171875
2017-07-25,,61.21083450317383,652.445556640625,-222.03387451171875
2017-07-26,,61.281803131103516,638.6346435546875,-219.7682342529297
2017-07-27,,59.880165100097656,650.0642700195312,-220.9010467529297
2017-07-28,,58.99304962158203,652.445556640625,-219.7682342529297
2017-07-31,,58.17690658569336,658.160400390625,-220.9010467529297
2017-08-01,,58.16802978515625,675.3048706054688,-223.1667022705078
2017-08-02,,58.15916061401367,685.305908203125,-223.1667022705078
2017-08-03,,59.00192642211914,695.3069458007812,-223.1667022705078
2017-08-04,,59.26805114746094,706.2603149414062,-221.75067138671875
2017-08-07,,58.99304962158203,708.6415405273438,-222.88351440429688
2017-08-08,,59.66725540161133,714.3563842773438,-225.432373046875
2017-08-09,,59.35676574707031,700.0693359375,-222.88351440429688
2017-08-10,,58.38414764404297,683.8772583007812,-223.4499053955078
2017-08-11,,58.21303939819336,685.7821655273438,-223.1667022705078
2017-08-14,,58.411163330078125,696.2593994140625,-225.432373046875
2017-08-15,,59.06857681274414,699.5930786132812,-228.83084106445312
2017-08-16,,58.852447509765625,693.4019165039062,-228.83084106445312
2017-08-17,,57.99689865112305,702.4505004882812,-230.2468719482422
2017-08-18,,57.55561828613281,694.3544311523438,-226.84837341308594
2017-08-21,,58.14999771118164,710.0702514648438,-227.98121643066406
2017-08-22,,58.57326889038086,723.881103515625,-228.26441955566406
2017-08-23,,58.8974723815918,724.357421875,-222.6002960205078
2017-08-24,,58.294090270996094,742.9306640625,-225.998779296875
2017-08-25,,58.45619583129883,742.454345703125,-224.2995147705078
2017-08-29,,57.501583099365234,737.6920166015625,-224.58273315429688
2017-08-30,,57.27643966674805,722.9286499023438,-234.4949493408203
2017-08-31,,57.47456741333008,721.5000610351562,-243.5575714111328
2017-09-01,,57.35749435424805,723.4049072265625,-246.10643005371094
2017-09-04,,57.09632873535156,722.4525146484375,-236.7606201171875
2017-09-05,,56.82615661621094,723.881103515625,-237.89344787597656
2017-09-06,,56.781124114990234,744.8356323242188,-239.3094940185547
2017-09-07,,56.808143615722656,734.3584594726562,-238.45986938476562
2017-09-08,,57.42953872680664,770.0762329101562,-243.5575714111328
2017-09-11,,57.30345916748047,770.0762329101562,-243.5575714111328
2017-09-12,,58.393150329589844,762.4563598632812,-238.74307250976562
2017-09-13,,58.51923751831055,745.3118286132812,-239.87588500976562
2017-09-14,,59.79804611206055,751.7279052734375,-241.2919158935547
2017-09-15,,58.8254280090332,737.3636474609375,-240.15908813476562
2017-09-18,,58.80741882324219,737.3636474609375,-237.61024475097656
2017-09-19,,59.43781661987305,733.0543823242188,-237.3270263671875
2017-09-20,,59.1766471862793,733.5331420898438,-236.1942138671875
2017-09-21,,60.74364471435547,736.4060668945312,-236.7606201171875
2017-09-22,,60.25733947753906,730.1815795898438,-231.66290283203125
2017-09-25,,59.320743560791016,737.8424072265625,-230.5300750732422
2017-09-26,,58.52823257446289,734.0120239257812,-234.7781524658203
2017-09-27,,60.51850509643555,722.9993896484375,-236.47740173339844
2017-09-28,,60.5365104675293,727.7874755859375,-240.44232177734375
2017-09-29,,60.995811462402344,761.7828369140625,-248.08888244628906
2017-10-02,,60.78868103027344,766.0921020507812,-247.8056640625
2017-10-03,,60.87873458862305,765.134521484375,-249.22171020507812
2017-10-04,,60.87873458862305,772.7953491210938,-251.4873504638672
2017-10-05,,60.608558654785156,790.51123046875,-250.9209442138672
2017-10-06,,59.9781608581543,794.820556640625,-252.05377197265625
2017-10-09,,59.933135986328125,794.820556640625,-252.05377197265625
2017-10-10,,60.42845153808594,787.1596069335938,-254.03619384765625
2017-10-11,,59.88810348510742,789.0748901367188,-255.45225524902344
2017-10-12,,59.70798873901367,783.8080444335938,-256.5850524902344
2017-10-13,,59.34775924682617,781.8927612304688,-256.5850524902344
2017-10-16,,59.06857681274414,772.7953491210938,-255.45225524902344
2017-10-17,,59.735008239746094,768.00732421875,-251.4873504638672
2017-10-18,,60.185298919677734,754.6007080078125,-251.2041473388672
2017-10-19,,60.329383850097656,745.982177734375,-251.4873504638672
2017-10-20,,60.33838653564453,741.194091796875,-251.4873504638672
2017-10-23,,60.33838653564453,739.2789306640625,-249.78811645507812
2017-10-24,,60.69861602783203,735.4484252929688,-252.05377197265625
2017-10-25,,61.184932708740234,736.4060668945312,-250.63775634765625
2017-10-26,,62.07650375366211,744.0669555664062,-254.88583374023438
2017-10-27,,62.05848693847656,751.2490844726562,-254.31942749023438
2017-10-30,,61.302005767822266,761.7828369140625,-256.3018798828125
2017-10-31,,61.50012969970703,766.0921020507812,-265.9308776855469
2017-11-01,,61.80632019042969,768.486083984375,-267.346923828125
2017-11-02,,61.184932708740234,766.0921020507812,-267.630126953125
2017-11-03,,60.689613342285156,769.9225463867188,-271.02862548828125
2017-11-06,,61.05884552001953,761.303955078125,-282.07366943359375
2017-11-07,,60.608558654785156,734.9696655273438,-275.5599365234375
2017-11-08,,60.1762809753418,711.9868774414062,-268.1965026855469
2017-11-09,,60.050209045410156,695.7073974609375,-257.1514892578125
2017-11-10,,59.87009048461914,684.69482421875,-254.60264587402344
2017-11-13,,59.825069427490234,669.3729248046875,-254.88583374023438
2017-11-14,,60.023193359375,684.69482421875,-251.2041473388672
2017-11-15,,59.6629638671875,675.1185913085938,-252.3369598388672
2017-11-16,,59.491851806640625,686.1312866210938,-247.8056640625
2017-11-17,,59.42880630493164,689.0040283203125,-241.85833740234375
2017-11-20,,59.5458869934082,705.7623291015625,-237.89344787597656
2017-11-21,,59.1856575012207,706.7199096679688,-237.89344787597656
2017-11-22,,59.34775924682617,702.41064453125,-244.6903839111328
2017-11-23,,59.1856575012207,697.143798828125,-245.25682067871094
2017-11-24,,59.51886749267578,692.83447265625,-245.5400390625
2017-11-27,,58.97852325439453,700.0166625976562,-243.5575714111328
2017-11-28,,58.38414764404297,704.325927734375,-243.5575714111328
2017-11-29,,60.42845153808594,694.7498168945312,-241.57510375976562
2017-11-30,,59.43781661987305,699.05908203125,-241.57510375976562
2017-12-01,,58.312103271484375,695.2285766601562,-237.89344787597656
2017-12-04,,58.879459381103516,705.7623291015625,-236.1942138671875
2017-12-05,,58.672332763671875,698.1013793945312,-233.3621368408203
2017-12-06,,58.36613464355469,694.27099609375,-234.21176147460938
2017-12-07,,58.09596633911133,702.41064453125,-235.3446044921875
2017-12-08,,60.15827560424805,702.8895263671875,-235.62779235839844
2017-12-11,,60.01418685913086,706.7199096679688,-237.89344787597656
2017-12-12,,60.69861602783203,693.7920532226562,-239.59268188476562
2017-12-13,,60.73735046386719,699.05908203125,-245.82322692871094
2017-12-14,,59.71699142456055,686.6100463867188,-249.22171020507812
2017-12-15,,59.80705642700195,695.2285766601562,-249.22171020507812
2017-12-18,,60.11324691772461,704.8047485351562,-250.3545379638672
2017-12-19,,60.47347640991211,720.1265258789062,-249.50489807128906
2017-12-20,,59.95114517211914,726.829833984375,-248.08888244628906
2017-12-21,,60.61756134033203,737.3636474609375,-243.5575714111328
2017-12-22,,60.527503967285156,762.2616577148438,-244.1239776611328
2017-12-27,,61.04084014892578,769.4437866210938,-244.4071807861328
2017-12-28,,60.851722717285156,770.8801879882812,-244.6903839111328
2017-12-29,,61.292999267578125,776.6258544921875,-248.65530395507812
2018-01-02,,60.968788146972656,780.456298828125,-250.9209442138672
2018-01-03,,60.76166534423828,762.2616577148438,-248.65530395507812
2018-01-04,,61.292999267578125,765.134521484375,-262.24920654296875
2018-01-05,,61.302005767822266,747.8974609375,-259.4171447753906
2018-01-08,,61.292999267578125,734.4907836914062,-253.18655395507812
2018-01-09,,61.59919738769531,743.109375,-251.4873504638672
2018-01-10,,62.12152862548828,745.982177734375,-250.9209442138672
2018-01-11,,62.88701629638672,740.2365112304688,-251.4873504638672
2018-01-12,,63.490394592285156,720.1265258789062,-256.0186767578125
2018-01-15,,63.580448150634766,727.7874755859375,-229.9636688232422
2018-01-16,,63.481380462646484,734.4907836914062,-234.4949493408203
2018-01-17,,63.42736053466797,713.4232788085938,-233.3621368408203
2018-01-18,,63.877647399902344,718.2113037109375,-234.4949493408203
2018-01-19,,64.37296295166016,700.0166625976562,-236.1942138671875
2018-01-22,,64.80522918701172,708.63525390625,-242.99118041992188
2018-01-23,,64.94932556152344,693.3133544921875,-244.1239776611328
2018-01-24,,64.84125518798828,712.4656372070312,-246.9560546875
2018-01-25,,64.16583251953125,704.8047485351562,-246.26234436035156
2018-01-26,,64.1748275756836,713.4232788085938,-247.41851806640625
2018-01-29,,64.43600463867188,724.9146728515625,-246.26234436035156
2018-01-30,,63.50840377807617,710.5504760742188,-248.57467651367188
2018-01-31,,62.59883117675781,709.5928344726562,-251.46507263183594
2018-02-01,,62.42771911621094,712.4656372070312,-247.99661254882812
2018-02-02,,61.914398193359375,689.4828491210938,-236.43499755859375
2018-02-05,,61.33802795410156,684.69482421875,-227.9949951171875
2018-02-06,,59.590911865234375,662.6696166992188,-209.72764587402344
2018-02-07,,60.66259765625,630.1107788085938,-215.7397003173828
2018-02-08,,60.87873458862305,594.678955078125,-214.12107849121094
2018-02-09,,59.933135986328125,602.3399658203125,-214.81478881835938
2018-02-12,,59.86109161376953,601.38232421875,-216.20216369628906
2018-02-13,,59.87009048461914,606.17041015625,-214.81478881835938
2018-02-14,,60.023193359375,583.1875610351562,-214.58355712890625
2018-02-15,,60.410438537597656,594.678955078125,-216.20216369628906
2018-02-16,,60.995811462402344,617.6616821289062,-226.83883666992188
2018-02-19,,61.19392776489258,610.0008544921875,-230.30731201171875
2018-02-20,,61.10387420654297,604.2551879882812,-227.76376342773438
2018-02-21,,62.78794479370117,581.2723999023438,-231.2322540283203
2018-02-22,,62.30164337158203,580.3147583007812,-232.388427734375
2018-02-23,,61.824337005615234,591.8060913085938,-232.388427734375
2018-02-26,,61.73428726196289,598.5094604492188,-232.388427734375
2018-02-27,,62.16654968261719,603.2975463867188,-234.70074462890625
2018-02-28,,61.95942687988281,617.6616821289062,-238.1692352294922
2018-03-01,,61.52714538574219,616.7041015625,-232.388427734375
2018-03-02,,60.33838653564453,613.8312377929688,-241.63771057128906
2018-03-05,,60.33838653564453,618.6193237304688,-234.70074462890625
2018-03-06,,59.942138671875,630.1107788085938,-234.70074462890625
2018-03-07,,60.563533782958984,630.1107788085938,-232.9665069580078
2018-03-08,,60.78868103027344,646.3901977539062,-233.54458618164062
2018-03-09,,60.59956359863281,672.2457885742188,-232.9665069580078
2018-03-12,,60.78868103027344,672.2457885742188,-230.30731201171875
2018-03-13,,60.28435134887695,649.2630004882812,-219.670654296875
2018-03-14,361.9849548339844,60.05921173095703,644.4749755859375,-216.43338012695312
2018-03-15,364.56768798828125,60.15827560424805,638.7293090820312,-217.3583221435547
2018-03-16,358.8061828613281,60.78868103027344,648.305419921875,-219.670654296875
2018-03-19,350.163818359375,60.45546340942383,640.6444702148438,-210.42135620117188
2018-03-20,348.57440185546875,61.12189483642578,639.6868896484375,-212.27122497558594
2018-03-21,345.4949645996094,60.482486724853516,644.4749755859375,-212.0399932861328
2018-03-22,347.77972412109375,59.491851806640625,657.881591796875,-209.4964141845703
2018-03-23,353.44195556640625,58.32110595703125,654.0510864257812,-213.8898468017578
2018-03-26,336.95196533203125,58.21303939819336,665.54248046875,-210.42135620117188
2018-03-27,336.0578918457031,58.56426239013672,677.0338745117188,-215.04600524902344
2018-03-28,334.56781005859375,58.45619583129883,670.33056640625,-211.5775146484375
2018-03-29,333.0777893066406,58.231056213378906,685.2569580078125,-207.18411254882812
2018-04-03,334.26983642578125,58.65431213378906,692.0416870117188,-205.33425903320312
2018-04-04,328.7069396972656,58.68133544921875,674.5952758789062,-209.4964141845703
2018-04-05,343.0115661621094,59.599918365478516,645.5178833007812,-218.05203247070312
2018-04-06,339.2366943359375,59.72600173950195,634.856201171875,-216.6646270751953
2018-04-09,345.3956298828125,60.023193359375,616.4405517578125,-224.2952880859375
2018-04-10,346.6870422363281,60.39242172241211,602.87109375,-221.05804443359375
2018-04-11,339.634033203125,60.3474006652832,585.4246826171875,-221.9829559326172
2018-04-12,340.1307373046875,61.37405776977539,591.2401123046875,-225.68267822265625
2018-04-13,345.2962951660156,61.40106964111328,605.77880859375,-227.76376342773438
2018-04-16,350.5611572265625,60.950775146484375,595.1171264648438,-228.68870544433594
2018-04-17,368.8392028808594,60.932777404785156,580.5784301757812,-224.98899841308594
2018-04-18,380.0643310546875,60.8967399597168,576.701416015625,-224.2952880859375
2018-04-19,377.2828674316406,61.37968063354492,605.77880859375,-229.3824005126953
2018-04-20,388.90533447265625,61.017478942871094,597.0556030273438,-231.8103485107422
2018-04-23,387.8126525878906,61.70473861694336,594.1478271484375,-234.1226806640625
2018-04-24,379.76629638671875,61.40754699707031,591.2401123046875,-233.54458618164062
2018-04-25,388.6073303222656,60.36737060546875,588.3323364257812,-230.30731201171875
2018-04-26,386.2232360839844,60.27449417114258,589.3015747070312,-233.54458618164062
2018-04-27,389.8987121582031,60.17233657836914,589.3015747070312,-234.70074462890625
2018-04-30,388.40863037109375,60.051605224609375,601.90185546875,-234.70074462890625
2018-05-01,389.40203857421875,59.7544059753418,593.1785888671875,-237.59115600585938
2018-05-02,389.40203857421875,59.745121002197266,604.8095703125,-233.54458618164062
2018-05-03,390.3954162597656,60.07017517089844,606.748046875,-232.388427734375
2018-05-04,388.7066650390625,60.72028350830078,609.6558227539062,-233.54458618164062
2018-05-08,388.6073303222656,61.18465042114258,607.71728515625,-233.54458618164062
2018-05-09,389.8987121582031,61.797611236572266,593.1785888671875,-234.1226806640625
2018-05-10,389.40203857421875,62.09480667114258,614.5020751953125,-233.54458618164062
2018-05-11,392.3821105957031,62.29912567138672,600.9326171875,-234.1226806640625
2018-05-14,388.8059997558594,61.9183464050293,600.9326171875,-233.54458618164062
2018-05-15,387.4152526855469,62.020503997802734,613.5328369140625,-235.85690307617188
2018-05-16,365.5610656738281,61.00819778442383,645.5178833007812,-237.01307678222656
2018-05-17,376.5875244140625,61.50971221923828,636.794677734375,-238.1692352294922
2018-05-18,377.6802673339844,61.32395935058594,643.5794067382812,-237.01307678222656
2018-05-21,377.87890625,61.73260498046875,648.4256591796875,-240.48155212402344
2018-05-22,377.4815673828125,62.24340057373047,645.5178833007812,-239.3253936767578
2018-05-23,376.98486328125,61.881195068359375,637.763916015625,-245.106201171875
2018-05-24,383.0444641113281,61.29610061645508,634.856201171875,-249.7308349609375
2018-05-25,382.6470947265625,60.9896125793457,620.3175048828125,-254.35549926757812
2018-05-29,370.92529296875,59.70797348022461,617.4097900390625,-253.77743530273438
2018-05-30,369.8325500488281,59.62438201904297,605.77880859375,-243.37196350097656
2018-05-31,378.17694091796875,58.7049446105957,618.3790893554688,-252.6212615966797
2018-06-01,377.4815673828125,58.83496856689453,630.0099487304688,-252.6212615966797
2018-06-04,380.1636657714844,59.057861328125,636.794677734375,-248.57467651367188
2018-06-05,384.9318542480469,58.036258697509766,644.5486450195312,-253.19932556152344
2018-06-06,397.3489990234375,59.14144515991211,639.702392578125,-252.0431671142578
2018-06-07,406.5873718261719,59.10430145263672,641.6409301757812,-250.2539520263672
2018-06-08,406.78607177734375,58.41704177856445,633.886962890625,-251.42337036132812
2018-06-11,406.0906677246094,58.509910583496094,633.886962890625,-249.6692657470703
2018-06-12,410.8588562011719,58.66779708862305,631.948486328125,-247.91513061523438
2018-06-13,413.2429504394531,58.370601654052734,624.1944580078125,-247.91513061523438
2018-06-14,416.22308349609375,58.63064956665039,631.948486328125,-244.4069061279297
2018-06-15,413.3423156738281,57.65548324584961,621.2866821289062,-243.23748779296875
2018-06-18,412.1502685546875,57.181827545166016,623.2252197265625,-244.99160766601562
2018-06-19,403.6072692871094,57.14468002319336,626.1329345703125,-243.82220458984375
2018-06-20,425.26275634765625,57.27470016479492,634.856201171875,-243.82220458984375
2018-06-21,424.2694091796875,56.98679733276367,636.794677734375,-241.48338317871094
2018-06-22,423.4747009277344,57.692630767822266,652.3026123046875,-240.89866638183594
2018-06-25,423.8720703125,56.87535095214844,659.0873413085938,-242.0680694580078
2018-06-26,425.1634521484375,57.042518615722656,676.5337524414062,-239.72926330566406
2018-06-27,431.9183654785156,57.432586669921875,662.96435546875,-243.23748779296875
2018-06-28,428.5003356933594,58.091983795166016,632.917724609375,-241.48338317871094
2018-06-29,439.0633544921875,58.55634689331055,653.2718505859375,-239.72926330566406
2018-07-02,444.0459289550781,57.86908721923828,648.4256591796875,-236.2210235595703
2018-07-03,444.544189453125,57.59046936035156,658.1181030273438,-236.8057403564453
2018-07-04,443.9462585449219,57.85980224609375,652.3026123046875,-237.9751434326172
2018-07-05,447.1351318359375,57.92481231689453,657.1488647460938,-239.72926330566406
2018-07-06,447.6333923339844,58.036258697509766,656.1796264648438,-236.8057403564453
2018-07-09,448.53021240234375,58.45418930053711,670.71826171875,-231.77725219726562
2018-07-10,456.30303955078125,58.04554748535156,676.5337524414062,-231.30950927734375
2018-07-11,457.1998596191406,57.887664794921875,654.2410888671875,-230.3739776611328
2018-07-12,457.79779052734375,58.10127258300781,654.2410888671875,-225.22857666015625
2018-07-13,458.2960510253906,57.96196365356445,662.96435546875,-231.5433807373047
2018-07-16,456.826171875,57.9034538269043,667.810546875,-231.30950927734375
2018-07-17,451.1211853027344,57.999114990234375,675.5645141601562,-228.03514099121094
2018-07-18,456.4027099609375,58.06412124633789,699.795654296875,-229.20455932617188
2018-07-19,456.4027099609375,58.008399963378906,687.1954345703125,-229.20455932617188
2018-07-20,461.4848937988281,58.166282653808594,697.8572387695312,-230.3739776611328
2018-07-23,455.8047790527344,57.85051345825195,701.734130859375,-226.86573791503906
2018-07-24,456.60198974609375,58.491336822509766,692.0416870117188,-226.86573791503906
2018-07-25,457.6981201171875,57.98982620239258,688.1647338867188,-231.07562255859375
2018-07-26,464.77337646484375,58.10127258300781,698.8264770507812,-229.20455932617188
2018-07-27,464.4744567871094,58.13842010498047,688.1647338867188,-227.09962463378906
2018-07-30,463.3782653808594,57.943389892578125,685.2569580078125,-226.86573791503906
2018-07-31,466.26812744140625,57.93410110473633,684.2877197265625,-229.90621948242188
2018-08-01,477.4290771484375,58.89069366455078,680.4107666015625,-233.8822021484375
2018-08-02,462.7803649902344,58.240577697753906,655.2103271484375,-229.67233276367188
2018-08-03,463.3782653808594,58.091983795166016,649.3948974609375,-229.67233276367188
2018-08-06,465.8695373535156,58.110557556152344,650.3641357421875,-232.71279907226562
2018-08-07,467.5636291503906,57.9062385559082,664.9028930664062,-234.4669189453125
2018-08-08,474.4395751953125,57.748355865478516,662.96435546875,-234.4669189453125
2018-08-09,485.3015441894531,57.683345794677734,665.8721313476562,-233.8822021484375
2018-08-10,484.4046630859375,57.4511604309082,656.1796264648438,-235.63632202148438
2018-08-13,480.1196594238281,57.00537109375,659.0873413085938,-235.05160522460938
2018-08-14,478.3259582519531,56.633880615234375,657.1488647460938,-233.8822021484375
2018-08-15,474.8381652832031,56.16022872924805,655.2103271484375,-232.71279907226562
2018-08-16,476.2332763671875,56.822044372558594,647.4564208984375,-232.94667053222656
2018-08-17,476.3329162597656,56.87877655029297,641.6409301757812,-230.1400909423828
2018-08-20,490.6827087402344,57.07732391357422,647.4564208984375,-233.18055725097656
2018-08-21,491.77886962890625,57.47441482543945,647.4564208984375,-233.8822021484375
2018-08-22,478.7245788574219,57.6729621887207,650.3641357421875,-234.4669189453125
2018-08-23,485.5008544921875,57.446048736572266,646.4871826171875,-233.8822021484375
2018-08-24,490.6827087402344,57.52168655395508,648.4256591796875,-227.80128479003906
2018-08-28,512.8052978515625,57.47441482543945,633.886962890625,-228.50291442871094
2018-08-29,501.0464172363281,57.16241455078125,625.1636962890625,-227.09962463378906
2018-08-30,510.21435546875,56.632957458496094,607.71728515625,-226.86573791503906
2018-08-31,506.2283020019531,56.06568145751953,596.0863647460938,-229.4384307861328
2018-09-03,507.0254821777344,56.368228912353516,595.1171264648438,-230.3739776611328
2018-09-04,493.57257080078125,57.05841064453125,593.1785888671875,-230.3739776611328
2018-09-05,495.9642639160156,57.30423355102539,578.639892578125,-233.8822021484375
2018-09-06,495.9642639160156,56.64241027832031,578.639892578125,-235.05160522460938
2018-09-07,490.88201904296875,55.536224365234375,578.639892578125,-233.8822021484375
2018-09-10,485.70013427734375,56.131866455078125,575.7321166992188,-229.20455932617188
2018-09-11,517.3892211914062,55.9995002746582,608.6865844726562,-227.33348083496094
2018-09-12,519.5816040039062,55.6685905456543,598.0248413085938,-232.71279907226562
2018-09-13,498.2561950683594,56.00895309448242,601.90185546875,-231.5433807373047
2018-09-14,498.45550537109375,55.6685905456543,611.5942993164062,-231.5433807373047
2018-09-17,498.2561950683594,56.05622863769531,622.2559204101562,-230.3739776611328
2018-09-18,496.36285400390625,56.25477600097656,639.702392578125,-226.16409301757812
2018-09-19,482.8102722167969,57.22859573364258,614.5020751953125,-231.5433807373047
2018-09-20,473.8416442871094,58.23078155517578,633.6380615234375,-230.3739776611328
2018-09-21,450.4236145019531,58.48605728149414,641.44873046875,-228.03514099121094
2018-09-24,458.69464111328125,58.29696273803711,625.827392578125,-228.26902770996094
2018-09-25,452.31695556640625,57.57841491699219,618.016845703125,-228.03514099121094
2018-09-26,456.60198974609375,57.42714309692383,630.7090454101562,-226.86573791503906
2018-09-27,461.3852233886719,57.6729621887207,623.8748168945312,-227.33348083496094
2018-09-28,457.49884033203125,56.03731918334961,624.8511352539062,-228.97068786621094
2018-10-01,463.7768859863281,55.34713363647461,641.44873046875,-235.63632202148438
2018-10-02,468.75946044921875,54.33549499511719,628.7564086914062,-239.14454650878906
2018-10-03,462.2821044921875,55.20531463623047,632.6617431640625,-238.55984497070312
2018-10-04,453.71209716796875,55.71586227416992,648.2830200195312,-245.57630920410156
2018-10-05,444.74346923828125,55.71586227416992,634.6143798828125,-238.55984497070312
2018-10-08,441.5546569824219,54.98786163330078,607.2771606445312,-245.57630920410156
2018-10-09,426.50732421875,54.174766540527344,591.6558837890625,-243.23748779296875
2018-10-10,413.8515930175781,55.886043548583984,585.7979125976562,-239.72926330566406
2018-10-11,416.84112548828125,54.742042541503906,563.3423461914062,-230.3739776611328
2018-10-12,421.3254089355469,54.9784049987793,562.3660278320312,-235.05160522460938
2018-10-15,417.1401062011719,54.58131408691406,577.9872436523438,-232.2450408935547
2018-10-16,394.2203063964844,54.23149490356445,589.7032470703125,-233.8822021484375
2018-10-17,391.62939453125,54.19367599487305,590.6795654296875,-240.89866638183594
2018-10-18,390.8321838378906,53.881675720214844,591.6558837890625,-232.0111541748047
2018-10-19,388.54022216796875,53.068580627441406,585.7979125976562,-228.03514099121094
2018-10-22,386.4474792480469,53.35221862792969,579.9398803710938,-234.4669189453125
2018-10-23,384.155517578125,53.31439971923828,550.6500244140625,-233.8822021484375
2018-10-24,380.0697937011719,53.569671630859375,541.863037109375,-239.72926330566406
2018-10-25,385.251708984375,54.57185745239258,551.6263427734375,-229.90621948242188
2018-10-26,386.1485595703125,53.73040008544922,541.863037109375,-231.5433807373047
2018-10-29,385.0523681640625,54.061309814453125,537.957763671875,-233.8822021484375
2018-10-30,396.2133483886719,53.720947265625,535.0287475585938,-233.18055725097656
2018-10-31,406.8759765625,54.09912872314453,546.7446899414062,-245.57630920410156
2018-11-01,417.6383361816406,55.64022445678711,567.2476806640625,-246.7457275390625
2018-11-02,421.0264892578125,56.24531936645508,591.6558837890625,-242.0680694580078
2018-11-05,416.54217529296875,55.3754997253418,573.1056518554688,-245.57630920410156
2018-11-06,405.18194580078125,54.56240463256836,593.6085205078125,-246.16102600097656
2018-11-07,411.7589111328125,55.07295227050781,607.2771606445312,-244.4069061279297
2018-11-08,426.6069641113281,56.39659118652344,600.44287109375,-246.7457275390625
2018-11-09,430.593017578125,56.68022918701172,601.419189453125,-245.57630920410156
2018-11-12,415.6453552246094,54.760948181152344,594.5848999023438,-245.57630920410156
2018-11-13,414.8481140136719,55.57404327392578,604.3482055664062,-244.99160766601562
2018-11-14,412.8550720214844,55.20531463623047,590.6795654296875,-246.7457275390625
2018-11-15,403.6871643066406,52.42566680908203,560.413330078125,-241.48338317871094
2018-11-16,391.62939453125,51.52748107910156,539.910400390625,-237.9751434326172
2018-11-19,387.3443908691406,52.784942626953125,549.6737060546875,-230.3739776611328
2018-11-20,374.4893798828125,52.340576171875,553.5790405273438,-235.05160522460938
2018-11-21,386.24822998046875,53.163124084472656,561.3897094726562,-234.4669189453125
2018-11-22,391.62939453125,52.94567108154297,572.1293334960938,-231.5433807373047
2018-11-23,392.9248352050781,54.08021926879883,575.0582275390625,-239.72926330566406
2018-11-26,390.533203125,54.174766540527344,590.6795654296875,-240.89866638183594
2018-11-27,391.62939453125,53.31439971923828,585.7979125976562,-235.63632202148438
2018-11-28,397.01055908203125,53.26712417602539,586.7742309570312,-236.2210235595703
2018-11-29,393.88934326171875,53.078033447265625,588.7268676757812,-232.71279907226562
2018-11-30,393.88934326171875,52.340576171875,588.7268676757812,-229.20455932617188
2018-12-03,390.3992004394531,52.89839553833008,577.9872436523438,-245.57630920410156
2018-12-04,372.6492614746094,52.38785171508789,579.9398803710938,-235.63632202148438
2018-12-05,376.9371643066406,53.134761810302734,578.9635620117188,-241.48338317871094
2018-12-06,364.07342529296875,51.707115173339844,546.7446899414062,-229.4384307861328
2018-12-07,362.4779357910156,51.10202407836914,543.8157348632812,-237.9751434326172
2018-12-10,352.5060119628906,50.00529098510742,558.460693359375,-224.7607879638672
2018-12-11,364.87115478515625,49.47583770751953,560.413330078125,-227.56739807128906
2018-12-12,366.76580810546875,50.44020080566406,582.868896484375,-235.63632202148438
2018-12-13,357.2925109863281,50.213294982910156,569.2003173828125,-234.4669189453125
2018-12-14,354.40069580078125,49.82565689086914,561.3897094726562,-237.39044189453125
2018-12-17,329.1718444824219,49.06929016113281,549.6737060546875,-236.2210235595703
2018-12-18,326.08056640625,49.126014709472656,546.7446899414062,-236.8057403564453
2018-12-19,324.58477783203125,49.40019989013672,554.5553588867188,-236.2210235595703
2018-12-20,317.6044616699219,48.20892333984375,552.6027221679688,-232.71279907226562
2018-12-21,340.539794921875,48.700557708740234,540.88671875,-232.71279907226562
2018-12-24,338.94427490234375,48.16164779663086,555.5316772460938,-239.72926330566406
2018-12-27,332.4625549316406,47.3012809753418,549.6737060546875,-238.55984497070312
2018-12-28,338.2462463378906,48.41691970825195,556.5079956054688,-240.31398010253906
2018-12-31,347.8192443847656,49.02201461791992,567.2476806640625,-240.31398010253906
2019-01-02,354.40069580078125,48.218379974365234,568.2239990234375,-241.48338317871094
2019-01-03,348.2181091308594,48.407470703125,541.863037109375,-243.82220458984375
2019-01-04,362.87677001953125,49.92020034790039,548.6973876953125,-240.31398010253906
2019-01-07,373.945556640625,50.44020080566406,566.2713623046875,-242.0680694580078
2019-01-08,372.9483947753906,50.771114349365234,563.3423461914062,-249.08453369140625
2019-01-09,394.4876708984375,50.875118255615234,570.1766357421875,-245.57630920410156
2019-01-10,386.1112976074219,51.792205810546875,558.460693359375,-247.91513061523438
2019-01-11,395.08599853515625,51.72602462768555,553.5790405273438,-251.42337036132812
2019-01-14,420.2151184082031,52.51076126098633,522.3364868164062,-249.08453369140625
2019-01-15,424.203857421875,52.51076126098633,504.7625427246094,-257.2704162597656
2019-01-16,439.7599792480469,53.068580627441406,506.7152099609375,-257.2704162597656
2019-01-17,433.37799072265625,53.068580627441406,530.1470947265625,-256.10101318359375
2019-01-18,444.7459411621094,54.836585998535156,533.0760498046875,-256.10101318359375
2019-01-21,439.560546875,54.836585998535156,531.1234130859375,-257.2704162597656
2019-01-22,440.2585754394531,54.29767608642578,534.0524291992188,-257.2704162597656
2019-01-23,441.15606689453125,54.174766540527344,439.3484191894531,-256.68572998046875
2019-01-24,447.0394592285156,54.53403854370117,488.1649169921875,-259.8348693847656
2019-01-25,450.3302001953125,55.3754997253418,489.1412353515625,-260.43359375
2019-01-28,449.83160400390625,53.89112854003906,484.2596130371094,-260.43359375
2019-01-29,453.62091064453125,53.7398567199707,487.1885986328125,-271.8088073730469
2019-01-30,462.29644775390625,55.14858627319336,488.1649169921875,-271.2101135253906
2019-01-31,461.4986877441406,54.742042541503906,488.1649169921875,-278.3945007324219
2019-02-01,456.01416015625,55.006771087646484,498.904541015625,-275.4010009765625
2019-02-04,450.82879638671875,54.65694808959961,492.07025146484375,-277.7958068847656
2019-02-05,455.11669921875,54.87440490722656,490.1175842285156,-277.7958068847656
2019-02-06,464.5899963378906,55.082401275634766,497.92822265625,-277.1971130371094
2019-02-07,454.4186706542969,54.08021926879883,484.2596130371094,-276.5984191894531
2019-02-08,447.1391906738281,53.777671813964844,483.2832946777344,-275.4010009765625
2019-02-11,459.3049011230469,54.57185745239258,488.1649169921875,-275.4010009765625
2019-02-12,459.3049011230469,54.79876708984375,497.92822265625,-275.4010009765625
2019-02-13,457.0113525390625,54.7042236328125,495.9755554199219,-274.80230712890625
2019-02-14,447.1391906738281,54.269309997558594,493.04656982421875,-277.1971130371094
2019-02-15,448.1363830566406,55.252586364746094,499.8808898925781,-276.5984191894531
2019-02-18,466.28521728515625,55.13913345336914,499.8808898925781,-278.3945007324219
2019-02-19,472.3680419921875,55.186405181884766,505.7388610839844,-273.0062255859375
2019-02-20,478.6503601074219,57.79587173461914,524.2891845703125,-269.4140319824219
2019-02-21,473.4649353027344,57.03950500488281,519.4075317382812,-267.617919921875
2019-02-22,471.3708801269531,56.72750473022461,516.478515625,-269.4140319824219
2019-02-25,470.07452392578125,57.22859573364258,506.7152099609375,-269.4140319824219
2019-02-26,483.43682861328125,58.52387237548828,506.7152099609375,-269.4140319824219
2019-02-27,465.78662109375,59.45042419433594,504.7625427246094,-260.43359375
2019-02-28,464.39056396484375,60.074424743652344,502.80987548828125,-261.6309509277344
2019-03-01,483.6362609863281,59.42205810546875,521.3601684570312,-268.2166442871094
2019-03-04,481.54217529296875,59.63005828857422,517.454833984375,-265.22314453125
2019-03-05,486.9269714355469,59.48823928833008,517.454833984375,-269.4140319824219
2019-03-06,478.1517639160156,59.47878646850586,510.6205139160156,-268.2166442871094
2019-03-07,479.1489562988281,58.76023864746094,506.7152099609375,-268.8153381347656
2019-03-08,466.883544921875,58.49551010131836,500.8572082519531,-268.8153381347656
2019-03-11,470.6728515625,58.41987228393555,495.9755554199219,-267.617919921875
2019-03-12,464.5899963378906,58.939876556396484,493.04656982421875,-265.22314453125
2019-03-13,463.1939392089844,59.15732955932617,490.1175842285156,-265.22314453125
2019-03-14,475.2599182128906,60.32024383544922,500.8572082519531,-265.82183837890625
2019-03-15,484.6334533691406,61.30351638793945,497.92822265625,-271.8088073730469
2019-03-18,490.0182800292969,61.80461883544922,494.02288818359375,-274.20361328125
2019-03-19,490.6165771484375,61.86134338378906,496.951904296875,-271.2101135253906
2019-03-20,484.2345886230469,61.502071380615234,505.7388610839844,-265.82183837890625
2019-03-21,480.54498291015625,59.77187728881836,492.07025146484375,-262.8283386230469
2019-03-22,482.4396667480469,58.9115104675293,509.6441955566406,-260.43359375
2019-03-25,478.4508972167969,58.64678192138672,499.8808898925781,-262.2296447753906
2019-03-26,486.7275695800781,58.107872009277344,530.1470947265625,-265.22314453125
2019-03-27,478.6503601074219,58.996604919433594,512.5731811523438,-265.82183837890625
2019-03-28,496.5,58.56169128417969,512.5731811523438,-262.8283386230469
2019-03-29,501.1867980957031,58.75078582763672,527.2180786132812,-263.4270324707031
2019-04-01,498.99298095703125,59.46933364868164,519.4075317382812,-263.4270324707031
2019-04-02,506.9704895019531,59.94206237792969,523.3128051757812,-262.2296447753906
2019-04-03,506.9704895019531,61.34133529663086,525.2654418945312,-265.82183837890625
2019-04-04,497.9957580566406,61.22401428222656,520.3838500976562,-267.01922607421875
2019-04-05,506.9704895019531,60.82315444946289,536.9813842773438,-265.82183837890625
2019-04-08,511.75701904296875,61.22401428222656,531.1234130859375,-262.2296447753906
2019-04-09,504.5772399902344,61.5173225402832,529.1707763671875,-264.0257263183594
2019-04-10,504.1783752441406,61.400001525878906,529.1707763671875,-267.617919921875
2019-04-11,511.75701904296875,62.71012878417969,527.2180786132812,-263.4270324707031
2019-04-12,519.3356323242188,63.35541915893555,529.1707763671875,-263.4270324707031
2019-04-15,530.5040893554688,63.717166900634766,536.9813842773438,-265.82183837890625
2019-04-16,574.9786987304688,64.37223052978516,547.7210693359375,-263.4270324707031
2019-04-17,590.3353881835938,65.0859603881836,568.2239990234375,-265.82183837890625
2019-04-18,598.9111938476562,64.43089294433594,574.0819702148438,-271.2101135253906
2019-04-23,601.50390625,64.10824584960938,565.2949829101562,-269.4140319824219
2019-04-24,600.3073120117188,63.31631088256836,581.892578125,-269.4140319824219
2019-04-25,606.0910034179688,62.19194412231445,602.915283203125,-265.82183837890625
2019-04-26,610.2791748046875,61.595542907714844,608.8651123046875,-271.2101135253906
2019-04-29,615.6640625,62.182167053222656,609.8567504882812,-266.4205322265625
2019-04-30,627.6303100585938,61.17512893676758,620.7647705078125,-267.617919921875
2019-05-01,617.6583862304688,62.182167053222656,628.6978759765625,-270.0127258300781
2019-05-02,616.860595703125,61.400001525878906,636.6309204101562,-271.8088073730469
2019-05-03,629.8240966796875,61.243568420410156,642.5807495117188,-270.6114196777344
2019-05-07,633.8128051757812,60.432071685791016,644.5640258789062,-272.40753173828125
2019-05-08,621.6471557617188,60.44184875488281,645.5556640625,-270.0127258300781
2019-05-09,618.6555786132812,59.5325813293457,646.5473022460938,-270.0127258300781
2019-05-10,618.2566528320312,59.68901443481445,647.5389404296875,-268.8153381347656
2019-05-13,602.8999633789062,58.45710372924805,649.522216796875,-269.4140319824219
2019-05-14,610.2791748046875,59.28815460205078,662.4135131835938,-268.2166442871094
2019-05-15,622.2454833984375,59.620574951171875,675.3048095703125,-265.82183837890625
2019-05-16,632.6162109375,60.138755798339844,680.2630004882812,-275.4010009765625
2019-05-17,632.8156127929688,58.994842529296875,684.2295532226562,-278.3945007324219
2019-05-20,624.2398071289062,58.17356872558594,677.2880859375,-273.0062255859375
2019-05-21,627.6303100585938,59.17082977294922,683.2379150390625,-268.2166442871094
2019-05-22,614.6668701171875,57.83137130737305,676.2964477539062,-269.4140319824219
2019-05-23,609.6808471679688,56.56034851074219,672.3298950195312,-262.2296447753906
2019-05-24,617.06005859375,57.215415954589844,668.3633422851562,-267.01922607421875
2019-05-28,625.2369995117188,56.34525680541992,664.3967895507812,-263.4270324707031
2019-05-29,599.908447265625,56.208377838134766,674.3131713867188,-261.0322570800781
2019-05-30,615.8634033203125,56.35503387451172,679.2713623046875,-258.0387878417969
2019-05-31,615.065673828125,55.98350143432617,684.2295532226562,-258.0387878417969
2019-06-03,621.6471557617188,55.7781867980957,670.3466186523438,-255.0452880859375
2019-06-04,623.043212890625,56.59946060180664,689.1876831054688,-242.47262573242188
2019-06-05,625.4364624023438,56.521244049072266,689.1876831054688,-249.0583038330078
2019-06-06,624.4392700195312,55.95417404174805,685.22119140625,-254.21542358398438
2019-06-07,619.6527709960938,56.32570266723633,681.254638671875,-253.00198364257812
2019-06-10,619.2538452148438,57.088314056396484,685.22119140625,-254.8221435546875
2019-06-11,611.076904296875,56.75589370727539,677.2880859375,-257.2490234375
2019-06-12,608.2848510742188,56.68745422363281,681.254638671875,-253.60870361328125
2019-06-13,591.930908203125,56.75589370727539,677.2880859375,-252.395263671875
2019-06-14,589.9365234375,56.4136962890625,684.2295532226562,-250.57510375976562
2019-06-17,589.3381958007812,56.64834213256836,679.2713623046875,-251.78854370117188
2019-06-18,588.5404663085938,56.775447845458984,688.196044921875,-246.32806396484375
2019-06-19,587.1443481445312,57.88025665283203,684.2295532226562,-2.505751132965088
2019-06-20,589.7371215820312,57.088314056396484,693.1542358398438,-2.4996838569641113
2019-06-21,581.958984375,56.80477523803711,695.1375122070312,-2.530019760131836
2019-06-24,588.3410034179688,55.72930145263672,709.0204467773438,-2.493616819381714
2019-06-25,591.1331787109375,55.43598937988281,707.0371704101562,-2.487549304962158
2019-06-26,585.9478149414062,55.64130783081055,706.0455322265625,-2.475414991378784
2019-06-27,590.7860107421875,55.59242248535156,705.0538940429688,-2.4814822673797607
2019-06-28,586.187744140625,55.32844161987305,697.1207885742188,-2.4996838569641113
2019-07-01,598.1834106445312,55.95417404174805,697.1207885742188,-2.5118181705474854
2019-07-02,602.1819458007812,56.35503387451172,708.02880859375,-2.5239524841308594
2019-07-03,619.7755126953125,56.96120834350586,719.928466796875,-2.517885446548462
2019-07-04,622.974365234375,56.96120834350586,698.1124267578125,-252.395263671875
2019-07-05,621.3749389648438,56.54079818725586,700.095703125,-251.18182373046875
2019-07-08,603.1815795898438,56.4234733581543,703.0706176757812,-2.4996838569641113
2019-07-09,604.5810546875,56.50168991088867,700.095703125,-2.5118181705474854
2019-07-10,609.5792236328125,56.677677154541016,703.0706176757812,-2.493616819381714
2019-07-11,611.1786499023438,56.472354888916016,700.095703125,-245.1146240234375
2019-07-12,615.5770263671875,56.394142150878906,716.9535522460938,-2.4220237731933594
2019-07-15,619.9754638671875,56.56034851074219,714.9702758789062,-2.4329447746276855
2019-07-16,617.5762939453125,56.68745422363281,713.9786376953125,-2.4329447746276855
2019-07-17,617.7762451171875,56.40391540527344,724.8866577148438,-2.46328067779541
2019-07-18,611.3785400390625,56.1106071472168,716.9535522460938,-2.4329447746276855
2019-07-19,612.378173828125,55.523983001708984,726.8699340820312,-2.426877498626709
2019-07-22,618.5759887695312,55.455543518066406,722.9033813476562,-2.426877498626709
2019-07-23,610.578857421875,55.72930145263672,728.8532104492188,-2.426877498626709
2019-07-24,614.37744140625,55.69997024536133,725.8782958984375,-2.439011812210083
2019-07-25,617.3764038085938,55.50442886352539,739.7611694335938,-2.4450790882110596
2019-07-26,629.9718627929688,54.741817474365234,745.7109985351562,-2.4450790882110596
2019-07-29,637.369140625,54.927581787109375,493.8352355957031,-2.487549304962158
2019-07-30,648.165283203125,53.85210418701172,562.2581787109375,-2.475414991378784
2019-07-31,649.5647583007812,52.141117095947266,545.4003295898438,-2.5906918048858643
2019-08-01,639.768310546875,51.66204071044922,535.4839477539062,-2.596759080886841
2019-08-02,613.9776611328125,50.11725997924805,543.4170532226562,-2.554288625717163
2019-08-05,581.789306640625,49.06134033203125,516.6428833007812,-2.5360867977142334
2019-08-06,588.5867919921875,49.12000274658203,514.6596069335938,-2.505751132965088
2019-08-07,597.1837158203125,49.12000274658203,531.5174560546875,-2.4996838569641113
2019-08-08,606.9801635742188,49.755001068115234,531.5174560546875,-2.5603556632995605
2019-08-09,615.3770751953125,49.5,549.3668823242188,-2.505751132965088
2019-08-12,605.5806884765625,48.7400016784668,538.4588623046875,-2.5482213497161865
2019-08-13,608.379638671875,48.970001220703125,532.5090942382812,-2.584624767303467
2019-08-14,597.9834594726562,48.68000030517578,534.4923095703125,-2.621027708053589
2019-08-15,581.1895141601562,48.58000183105469,547.3836059570312,-2.608893394470215
2019-08-16,595.7842407226562,49.650001525878906,546.3919677734375,-2.645296573638916
2019-08-19,601.1823120117188,49.935001373291016,532.5090942382812,-2.633162260055542
2019-08-20,600.1826782226562,49.720001220703125,532.5090942382812,-2.633162260055542
2019-08-21,615.9769287109375,49.525001525878906,532.5090942382812,-2.6392292976379395
2019-08-22,618.3760375976562,49.70500183105469,532.5090942382812,-2.596759080886841
2019-08-23,600.5824584960938,49.9900016784668,526.5592651367188,-2.608893394470215
2019-08-27,603.3814697265625,49.7599983215332,507.7181396484375,-2.645296573638916
2019-08-28,609.3792724609375,49.51499938964844,509.701416015625,-2.645296573638916
2019-08-29,618.975830078125,49.80500030517578,512.6763305664062,-2.6513636112213135
2019-08-30,616.776611328125,49.83000183105469,518.6261596679688,-2.621027708053589
2019-09-02,626.3731079101562,50.31999969482422,516.6428833007812,-2.6634979248046875
2019-09-03,617.5762939453125,49.59000015258789,516.6428833007812,-260.88934326171875
2019-09-04,622.1746826171875,49.595001220703125,521.60107421875,-263.9229431152344
2019-09-05,634.9700317382812,50.029998779296875,526.5592651367188,-2.621027708053589
2019-09-06,639.96826171875,50.040000915527344,560.27490234375,-2.681699752807617
2019-09-09,632.3709716796875,50.18000030517578,567.2163696289062,-2.681699752807617
2019-09-10,687.9508666992188,52.31999969482422,525.567626953125,-2.7059683799743652
2019-09-11,711.5422973632812,52.599998474121094,525.567626953125,-2.748438835144043
2019-09-12,709.7429809570312,51.939998626708984,535.4839477539062,-2.681699752807617
2019-09-13,728.5361328125,54.2599983215332,562.2581787109375,-2.748438835144043
2019-09-16,715.3408813476562,54.119998931884766,544.40869140625,-2.724169969558716
2019-09-17,709.5430297851562,53.15999984741211,538.4588623046875,-2.7120354175567627
2019-09-18,712.14208984375,52.9900016784668,557.2999877929688,-2.724169969558716
2019-09-19,691.7494506835938,54.060001373291016,593.0,-2.736304521560669
2019-09-20,694.7484130859375,55.5099983215332,576.0,-2.7423715591430664
2019-09-23,696.3477783203125,54.29999923706055,572.0,-2.7181026935577393
2019-09-24,706.7440185546875,53.5,541.0,-2.736304521560669
2019-09-25,701.1461181640625,53.369998931884766,544.0,-2.7120354175567627
2019-09-26,723.7378540039062,53.59000015258789,545.0,-2.7120354175567627
2019-09-27,735.9334716796875,54.939998626708984,544.0,-2.7181026935577393
2019-09-30,751.1279907226562,54.119998931884766,543.0,-2.7302372455596924
2019-10-01,751.7277221679688,53.380001068115234,532.0,-2.7059683799743652
2019-10-02,730.935302734375,51.599998474121094,518.0,-2.681699752807617
2019-10-03,734.1341552734375,51.619998931884766,505.0,-2.6877667903900146
2019-10-04,753.9269409179688,52.029998779296875,521.0,-276.05731201171875
2019-10-07,734.533935546875,51.70000076293945,507.0,-2.681699752807617
2019-10-08,728.5361328125,50.97999954223633,524.0,-2.7120354175567627
2019-10-09,729.7357177734375,50.70000076293945,523.0,-2.724169969558716
2019-10-10,732.1348876953125,52.66999816894531,523.0,-2.760573387145996
2019-10-11,760.5245361328125,59.130001068115234,566.0,-2.796976327896118
2019-10-14,768.121826171875,57.790000915527344,544.0,-2.760573387145996
2019-10-15,780.7172241210938,60.81999969482422,540.0,-2.7787747383117676
2019-10-16,774.7194213867188,61.029998779296875,552.0,-2.7787747383117676
2019-10-17,776.1189575195312,60.959999084472656,550.0,-2.8091108798980713
2019-10-18,769.7212524414062,60.189998626708984,535.0,-2.863715410232544
2019-10-21,770.3209838867188,61.439998626708984,555.0,-2.863715410232544
2019-10-22,774.9193725585938,60.40999984741211,543.0,-2.8697826862335205
2019-10-23,767.3220825195312,60.279998779296875,552.0,-2.8940513134002686
2019-10-24,763.3235473632812,59.849998474121094,541.0,-2.9304544925689697
2019-10-25,766.9222412109375,60.0,537.0,-2.8819169998168945
2019-10-28,774.1196899414062,58.93000030517578,554.0,-2.9183201789855957
2019-10-29,772.120361328125,58.2599983215332,564.0,-2.9122531414031982
2019-10-30,769.3213500976562,57.599998474121094,549.0,-2.9122531414031982
2019-10-31,768.121826171875,56.79999923706055,528.0,-2.851580858230591
2019-11-01,769.7212524414062,57.310001373291016,554.0,-2.8697826862335205
2019-11-04,757.925537109375,57.790000915527344,545.0,-2.8576483726501465
2019-11-05,759.324951171875,58.09000015258789,540.0,-289.4051513671875
2019-11-06,741.5314331054688,57.40999984741211,535.0,-288.19171142578125
2019-11-07,744.7302856445312,57.20000076293945,545.0,-2.8576483726501465
2019-11-08,734.933837890625,56.279998779296875,547.0,-2.796976327896118
2019-11-11,751.1279907226562,58.540000915527344,556.0,-2.596759080886841
2019-11-12,752.5274658203125,59.59000015258789,550.0,-2.5603556632995605
2019-11-13,755.1265258789062,59.59000015258789,543.0,-2.584624767303467
2019-11-14,746.5296020507812,58.689998626708984,543.0,-2.608893394470215
2019-11-15,756.7259521484375,59.16999816894531,540.0,-2.633162260055542
2019-11-18,769.7212524414062,59.7400016784668,546.0,-2.6270947456359863
2019-11-19,759.724853515625,59.47999954223633,573.0,-2.669565200805664
2019-11-20,755.9262084960938,59.11000061035156,568.0,-2.6877667903900146
2019-11-21,758.5252685546875,58.70000076293945,578.0,-2.669565200805664
2019-11-22,787.5147705078125,59.790000915527344,581.0,-2.669565200805664
2019-11-25,806.7078247070312,60.869998931884766,597.0,-2.645296573638916
2019-11-26,787.3148193359375,61.220001220703125,615.0,-2.7181026935577393
2019-11-27,773.1199951171875,61.70000076293945,636.0,-2.7545058727264404
2019-11-28,776.5999755859375,62.689998626708984,656.0,-2.7909090518951416
2019-11-29,760.5999755859375,61.150001525878906,645.0,-2.8273122310638428
2019-12-02,757.7999877929688,59.939998626708984,660.0,-2.839446544647217
2019-12-03,757.4000244140625,59.16999816894531,640.0,-2.8030433654785156
2019-12-04,778.0,60.56999969482422,630.0,-2.7787747383117676
2019-12-05,782.4000244140625,60.5099983215332,640.0,-2.8333795070648193
2019-12-06,799.0,61.470001220703125,642.0,-2.9243874549865723
2019-12-09,806.0,62.130001068115234,660.0,-2.9486563205718994
2019-12-10,803.4000244140625,61.47999954223633,668.0,-2.9365217685699463
2019-12-11,727.0,60.400001525878906,686.0,-288.19171142578125
2019-12-12,741.2000122070312,61.119998931884766,692.0,-2.8455138206481934
2019-12-13,782.7999877929688,64.33000183105469,728.0,-2.8576483726501465
2019-12-16,810.0,67.25,725.0,-3.003260850906372
2019-12-17,821.0,63.29999923706055,705.0,-2.9850592613220215
2019-12-18,809.4000244140625,63.36000061035156,696.0,-2.9729249477386475
2019-12-19,816.2000122070312,63.91999816894531,689.0,-2.9971938133239746
2019-12-20,820.0,62.33000183105469,688.0,-2.9729249477386475
2019-12-23,832.0,62.20000076293945,692.0,-2.9729249477386475
2019-12-24,834.4000244140625,63.41999816894531,695.0,-2.9607906341552734
2019-12-27,844.2000122070312,63.18000030517578,690.0,-2.9729249477386475
2019-12-30,832.2000122070312,63.119998931884766,686.0,-2.954723358154297
2019-12-31,837.4000244140625,62.5,677.0,-2.9486563205718994
2020-01-02,831.4000244140625,63.709999084472656,707.0,-2.9607906341552734
2020-01-03,811.2000122070312,63.04999923706055,697.0,-2.9850592613220215
2020-01-06,816.4000244140625,63.25,685.0,-2.9607906341552734
2020-01-07,816.7999877929688,63.11000061035156,680.0,-2.9607906341552734
2020-01-08,819.0,62.790000915527344,678.0,-2.9425888061523438
2020-01-09,827.4000244140625,61.849998474121094,679.0,-293.6521911621094
2020-01-10,832.0,60.33000183105469,646.0,-2.9365217685699463
2020-01-13,840.7999877929688,58.7400016784668,630.0,-2.9304544925689697
2020-01-14,854.2000122070312,58.75,611.0,-3.0093281269073486
2020-01-15,850.0,57.810001373291016,632.0,-3.015395164489746
2020-01-16,857.0,57.900001525878906,628.0,-3.033596992492676
2020-01-17,874.0,58.45000076293945,618.0,-3.094268798828125
2020-01-20,865.2000122070312,57.900001525878906,613.0,-3.0639328956604004
2020-01-21,854.5999755859375,58.5,613.0,-3.069999933242798
2020-01-22,855.0,58.09000015258789,615.0,-3.069999933242798
2020-01-23,838.2000122070312,57.400001525878906,597.0,248.5
2020-01-24,849.2000122070312,58.09000015258789,616.0,2.4800000190734863
2020-01-27,829.0,57.11000061035156,600.0,2.4700000286102295
2020-01-28,833.0,57.63999938964844,600.0,2.4800000190734863
2020-01-29,826.2000122070312,57.5,594.0,2.5
2020-01-30,824.4000244140625,57.93000030517578,595.0,2.4600000381469727
2020-01-31,821.7999877929688,56.790000915527344,601.0,2.4749999046325684
2020-02-03,833.0,56.54999923706055,598.0,2.434999942779541
2020-02-04,865.2000122070312,57.5,606.0,2.430000066757202
2020-02-05,855.5999755859375,57.13999938964844,591.0,2.4700000286102295
2020-02-06,856.7999877929688,56.95000076293945,600.0,2.4749999046325684
2020-02-07,835.0,56.91999816894531,593.0,2.450000047683716
2020-02-10,846.0,56.880001068115234,591.0,2.490000009536743
2020-02-11,873.0,56.72999954223633,600.0,2.5450000762939453
2020-02-12,881.4000244140625,57.439998626708984,660.0,2.549999952316284
2020-02-13,868.5999755859375,58.029998779296875,649.0,259.0
2020-02-14,867.4000244140625,56.61000061035156,640.0,265.0
2020-02-17,863.4000244140625,56.869998931884766,647.0,270.0
