Date,HCAT,TSLA
2015-01-02,,219.30999755859375
2015-01-05,,210.08999633789062
2015-01-06,,211.27999877929688
2015-01-07,,210.9499969482422
2015-01-08,,210.6199951171875
2015-01-09,,206.66000366210938
2015-01-12,,202.2100067138672
2015-01-13,,204.25
2015-01-14,,192.69000244140625
2015-01-15,,191.8699951171875
2015-01-16,,193.07000732421875
2015-01-20,,191.92999267578125
2015-01-21,,196.57000732421875
2015-01-22,,201.6199951171875
2015-01-23,,201.2899932861328
2015-01-26,,206.5500030517578
2015-01-27,,205.97999572753906
2015-01-28,,199.3699951171875
2015-01-29,,205.1999969482422
2015-01-30,,203.60000610351562
2015-02-02,,210.94000244140625
2015-02-03,,218.36000061035156
2015-02-04,,218.5500030517578
2015-02-05,,220.99000549316406
2015-02-06,,217.36000061035156
2015-02-09,,217.47999572753906
2015-02-10,,216.2899932861328
2015-02-11,,212.8000030517578
2015-02-12,,202.8800048828125
2015-02-13,,203.77000427246094
2015-02-17,,204.35000610351562
2015-02-18,,204.4600067138672
2015-02-19,,211.7100067138672
2015-02-20,,217.11000061035156
2015-02-23,,207.33999633789062
2015-02-24,,204.11000061035156
2015-02-25,,203.75999450683594
2015-02-26,,207.19000244140625
2015-02-27,,203.33999633789062
2015-03-02,,197.3300018310547
2015-03-03,,199.55999755859375
2015-03-04,,202.44000244140625
2015-03-05,,200.6300048828125
2015-03-06,,193.8800048828125
2015-03-09,,190.8800048828125
2015-03-10,,190.32000732421875
2015-03-11,,193.74000549316406
2015-03-12,,191.07000732421875
2015-03-13,,188.67999267578125
2015-03-16,,195.6999969482422
2015-03-17,,194.72999572753906
2015-03-18,,200.7100067138672
2015-03-19,,195.64999389648438
2015-03-20,,198.0800018310547
2015-03-23,,199.6300048828125
2015-03-24,,201.72000122070312
2015-03-25,,194.3000030517578
2015-03-26,,190.41000366210938
2015-03-27,,185.0
2015-03-30,,190.57000732421875
2015-03-31,,188.77000427246094
2015-04-01,,187.58999633789062
2015-04-02,,191.0
2015-04-06,,203.10000610351562
2015-04-07,,203.25
2015-04-08,,207.6699981689453
2015-04-09,,210.08999633789062
2015-04-10,,210.89999389648438
2015-04-13,,209.77999877929688
2015-04-14,,207.4600067138672
2015-04-15,,207.8300018310547
2015-04-16,,206.6999969482422
2015-04-17,,206.7899932861328
2015-04-20,,205.27000427246094
2015-04-21,,209.41000366210938
2015-04-22,,219.44000244140625
2015-04-23,,218.60000610351562
2015-04-24,,218.42999267578125
2015-04-27,,231.5500030517578
2015-04-28,,230.47999572753906
2015-04-29,,232.4499969482422
2015-04-30,,226.0500030517578
2015-05-01,,226.02999877929688
2015-05-04,,230.50999450683594
2015-05-05,,232.9499969482422
2015-05-06,,230.42999267578125
2015-05-07,,236.8000030517578
2015-05-08,,236.61000061035156
2015-05-11,,239.49000549316406
2015-05-12,,244.74000549316406
2015-05-13,,243.17999267578125
2015-05-14,,244.10000610351562
2015-05-15,,248.83999633789062
2015-05-18,,248.75
2015-05-19,,247.13999938964844
2015-05-20,,244.35000610351562
2015-05-21,,245.6199951171875
2015-05-22,,247.72999572753906
2015-05-26,,247.4600067138672
2015-05-27,,247.42999267578125
2015-05-28,,251.4499969482422
2015-05-29,,250.8000030517578
2015-06-01,,249.4499969482422
2015-06-02,,248.35000610351562
2015-06-03,,248.99000549316406
2015-06-04,,245.9199981689453
2015-06-05,,249.13999938964844
2015-06-08,,256.2900085449219
2015-06-09,,256.0
2015-06-10,,250.6999969482422
2015-06-11,,251.41000366210938
2015-06-12,,250.69000244140625
2015-06-15,,250.3800048828125
2015-06-16,,253.1199951171875
2015-06-17,,260.4100036621094
2015-06-18,,261.8900146484375
2015-06-19,,262.510009765625
2015-06-22,,259.7900085449219
2015-06-23,,267.6700134277344
2015-06-24,,265.1700134277344
2015-06-25,,268.7900085449219
2015-06-26,,267.0899963378906
2015-06-29,,262.0199890136719
2015-06-30,,268.260009765625
2015-07-01,,269.1499938964844
2015-07-02,,280.0199890136719
2015-07-06,,279.7200012207031
2015-07-07,,267.8800048828125
2015-07-08,,254.9600067138672
2015-07-09,,257.9200134277344
2015-07-10,,259.1499938964844
2015-07-13,,262.1600036621094
2015-07-14,,265.6499938964844
2015-07-15,,263.1400146484375
2015-07-16,,266.67999267578125
2015-07-17,,274.6600036621094
2015-07-20,,282.260009765625
2015-07-21,,266.7699890136719
2015-07-22,,267.8699951171875
2015-07-23,,267.20001220703125
2015-07-24,,265.4100036621094
2015-07-27,,253.00999450683594
2015-07-28,,264.82000732421875
2015-07-29,,263.82000732421875
2015-07-30,,266.7900085449219
2015-07-31,,266.1499938964844
2015-08-03,,259.989990234375
2015-08-04,,266.2799987792969
2015-08-05,,270.1300048828125
2015-08-06,,246.1300048828125
2015-08-07,,242.50999450683594
2015-08-10,,241.13999938964844
2015-08-11,,237.3699951171875
2015-08-12,,238.1699981689453
2015-08-13,,242.50999450683594
2015-08-14,,243.14999389648438
2015-08-17,,254.99000549316406
2015-08-18,,260.7200012207031
2015-08-19,,255.25
2015-08-20,,242.17999267578125
2015-08-21,,230.77000427246094
2015-08-24,,218.8699951171875
2015-08-25,,220.02999877929688
2015-08-26,,224.83999633789062
2015-08-27,,242.99000549316406
2015-08-28,,248.47999572753906
2015-08-31,,249.05999755859375
2015-09-01,,238.6300048828125
2015-09-02,,247.69000244140625
2015-09-03,,245.57000732421875
2015-09-04,,241.92999267578125
2015-09-08,,248.1699981689453
2015-09-09,,248.91000366210938
2015-09-10,,248.47999572753906
2015-09-11,,250.24000549316406
2015-09-14,,253.19000244140625
2015-09-15,,253.57000732421875
2015-09-16,,262.25
2015-09-17,,262.07000732421875
2015-09-18,,260.6199951171875
2015-09-21,,264.20001220703125
2015-09-22,,260.94000244140625
2015-09-23,,261.05999755859375
2015-09-24,,263.1199951171875
2015-09-25,,256.9100036621094
2015-09-28,,248.42999267578125
2015-09-29,,246.64999389648438
2015-09-30,,248.39999389648438
2015-10-01,,239.8800048828125
2015-10-02,,247.57000732421875
2015-10-05,,246.14999389648438
2015-10-06,,241.4600067138672
2015-10-07,,231.9600067138672
2015-10-08,,226.72000122070312
2015-10-09,,220.69000244140625
2015-10-12,,215.5800018310547
2015-10-13,,219.25
2015-10-14,,216.8800048828125
2015-10-15,,221.30999755859375
2015-10-16,,227.00999450683594
2015-10-19,,228.10000610351562
2015-10-20,,213.02999877929688
2015-10-21,,210.08999633789062
2015-10-22,,211.72000122070312
2015-10-23,,209.08999633789062
2015-10-26,,215.25999450683594
2015-10-27,,210.35000610351562
2015-10-28,,212.9600067138672
2015-10-29,,211.6300048828125
2015-10-30,,206.92999267578125
2015-11-02,,213.7899932861328
2015-11-03,,208.35000610351562
2015-11-04,,231.6300048828125
2015-11-05,,231.77000427246094
2015-11-06,,232.36000061035156
2015-11-09,,225.3300018310547
2015-11-10,,216.5
2015-11-11,,219.0800018310547
2015-11-12,,212.94000244140625
2015-11-13,,207.19000244140625
2015-11-16,,214.30999755859375
2015-11-17,,214.0
2015-11-18,,221.07000732421875
2015-11-19,,221.8000030517578
2015-11-20,,220.00999450683594
2015-11-23,,217.75
2015-11-24,,218.25
2015-11-25,,229.63999938964844
2015-11-27,,231.61000061035156
2015-11-30,,230.25999450683594
2015-12-01,,237.19000244140625
2015-12-02,,231.99000549316406
2015-12-03,,232.7100067138672
2015-12-04,,230.3800048828125
2015-12-07,,231.1300048828125
2015-12-08,,226.72000122070312
2015-12-09,,224.52000427246094
2015-12-10,,227.07000732421875
2015-12-11,,217.02000427246094
2015-12-14,,218.5800018310547
2015-12-15,,221.08999633789062
2015-12-16,,234.50999450683594
2015-12-17,,233.38999938964844
2015-12-18,,230.4600067138672
2015-12-21,,232.55999755859375
2015-12-22,,229.9499969482422
2015-12-23,,229.6999969482422
2015-12-24,,230.57000732421875
2015-12-28,,228.9499969482422
2015-12-29,,237.19000244140625
2015-12-30,,238.08999633789062
2015-12-31,,240.00999450683594
2016-01-04,,223.41000366210938
2016-01-05,,223.42999267578125
2016-01-06,,219.0399932861328
2016-01-07,,215.64999389648438
2016-01-08,,211.0
2016-01-11,,207.85000610351562
2016-01-12,,209.97000122070312
2016-01-13,,200.30999755859375
2016-01-14,,206.17999267578125
2016-01-15,,204.99000549316406
2016-01-19,,204.72000122070312
2016-01-20,,198.6999969482422
2016-01-21,,199.97000122070312
2016-01-22,,202.5500030517578
2016-01-25,,196.3800048828125
2016-01-26,,193.55999755859375
2016-01-27,,188.07000732421875
2016-01-28,,189.6999969482422
2016-01-29,,191.1999969482422
2016-02-01,,196.94000244140625
2016-02-02,,182.77999877929688
2016-02-03,,173.47999572753906
2016-02-04,,175.3300018310547
2016-02-05,,162.60000610351562
2016-02-08,,147.99000549316406
2016-02-09,,148.25
2016-02-10,,143.6699981689453
2016-02-11,,150.47000122070312
2016-02-12,,151.0399932861328
2016-02-16,,155.1699981689453
2016-02-17,,168.67999267578125
2016-02-18,,166.77000427246094
2016-02-19,,166.5800018310547
2016-02-22,,177.74000549316406
2016-02-23,,177.2100067138672
2016-02-24,,179.0
2016-02-25,,187.42999267578125
2016-02-26,,190.33999633789062
2016-02-29,,191.92999267578125
2016-03-01,,186.35000610351562
2016-03-02,,188.33999633789062
2016-03-03,,195.74000549316406
2016-03-04,,201.0399932861328
2016-03-07,,205.2899932861328
2016-03-08,,202.60000610351562
2016-03-09,,208.72000122070312
2016-03-10,,205.17999267578125
2016-03-11,,207.5
2016-03-14,,215.14999389648438
2016-03-15,,218.33999633789062
2016-03-16,,221.92999267578125
2016-03-17,,226.3800048828125
2016-03-18,,232.74000549316406
2016-03-21,,238.32000732421875
2016-03-22,,234.24000549316406
2016-03-23,,222.5800018310547
2016-03-24,,227.75
2016-03-28,,230.25999450683594
2016-03-29,,230.1300048828125
2016-03-30,,226.88999938964844
2016-03-31,,229.77000427246094
2016-04-01,,237.58999633789062
2016-04-04,,246.99000549316406
2016-04-05,,255.47000122070312
2016-04-06,,265.4200134277344
2016-04-07,,257.20001220703125
2016-04-08,,250.07000732421875
2016-04-11,,249.9199981689453
2016-04-12,,247.82000732421875
2016-04-13,,254.52999877929688
2016-04-14,,251.86000061035156
2016-04-15,,254.50999450683594
2016-04-18,,253.8800048828125
2016-04-19,,247.3699951171875
2016-04-20,,249.97000122070312
2016-04-21,,248.2899932861328
2016-04-22,,253.75
2016-04-25,,251.82000732421875
2016-04-26,,253.74000549316406
2016-04-27,,251.47000122070312
2016-04-28,,247.7100067138672
2016-04-29,,240.75999450683594
2016-05-02,,241.8000030517578
2016-05-03,,232.32000732421875
2016-05-04,,222.55999755859375
2016-05-05,,211.52999877929688
2016-05-06,,214.92999267578125
2016-05-09,,208.9199981689453
2016-05-10,,208.69000244140625
2016-05-11,,208.9600067138672
2016-05-12,,207.27999877929688
2016-05-13,,207.61000061035156
2016-05-16,,208.2899932861328
2016-05-17,,204.66000366210938
2016-05-18,,211.1699981689453
2016-05-19,,215.2100067138672
2016-05-20,,220.27999877929688
2016-05-23,,216.22000122070312
2016-05-24,,217.91000366210938
2016-05-25,,219.5800018310547
2016-05-26,,225.1199951171875
2016-05-27,,223.0399932861328
2016-05-31,,223.22999572753906
2016-06-01,,219.55999755859375
2016-06-02,,218.9600067138672
2016-06-03,,218.99000549316406
2016-06-06,,220.67999267578125
2016-06-07,,232.33999633789062
2016-06-08,,235.52000427246094
2016-06-09,,229.36000061035156
2016-06-10,,218.7899932861328
2016-06-13,,217.8699951171875
2016-06-14,,214.9600067138672
2016-06-15,,217.6999969482422
2016-06-16,,217.92999267578125
2016-06-17,,215.47000122070312
2016-06-20,,219.6999969482422
2016-06-21,,219.61000061035156
2016-06-22,,196.66000366210938
2016-06-23,,196.39999389648438
2016-06-24,,193.14999389648438
2016-06-27,,198.5500030517578
2016-06-28,,201.7899932861328
2016-06-29,,210.19000244140625
2016-06-30,,212.27999877929688
2016-07-01,,216.5
2016-07-05,,213.97999572753906
2016-07-06,,214.44000244140625
2016-07-07,,215.94000244140625
2016-07-08,,216.77999877929688
2016-07-11,,224.77999877929688
2016-07-12,,224.64999389648438
2016-07-13,,222.52999877929688
2016-07-14,,221.52999877929688
2016-07-15,,220.39999389648438
2016-07-18,,226.25
2016-07-19,,225.25999450683594
2016-07-20,,228.36000061035156
2016-07-21,,220.5
2016-07-22,,222.27000427246094
2016-07-25,,230.00999450683594
2016-07-26,,229.50999450683594
2016-07-27,,228.49000549316406
2016-07-28,,230.61000061035156
2016-07-29,,234.7899932861328
2016-08-01,,230.00999450683594
2016-08-02,,227.1999969482422
2016-08-03,,225.7899932861328
2016-08-04,,230.61000061035156
2016-08-05,,230.02999877929688
2016-08-08,,226.16000366210938
2016-08-09,,229.0800018310547
2016-08-10,,225.64999389648438
2016-08-11,,224.91000366210938
2016-08-12,,225.61000061035156
2016-08-15,,225.58999633789062
2016-08-16,,223.61000061035156
2016-08-17,,223.24000549316406
2016-08-18,,223.50999450683594
2016-08-19,,225.0
2016-08-22,,222.92999267578125
2016-08-23,,224.83999633789062
2016-08-24,,222.6199951171875
2016-08-25,,220.9600067138672
2016-08-26,,219.99000549316406
2016-08-29,,215.1999969482422
2016-08-30,,211.33999633789062
2016-08-31,,212.00999450683594
2016-09-01,,200.77000427246094
2016-09-02,,197.77999877929688
2016-09-06,,202.8300018310547
2016-09-07,,201.7100067138672
2016-09-08,,197.36000061035156
2016-09-09,,194.47000122070312
2016-09-12,,198.3000030517578
2016-09-13,,196.0500030517578
2016-09-14,,196.41000366210938
2016-09-15,,200.4199981689453
2016-09-16,,205.39999389648438
2016-09-19,,206.33999633789062
2016-09-20,,204.63999938964844
2016-09-21,,205.22000122070312
2016-09-22,,206.42999267578125
2016-09-23,,207.4499969482422
2016-09-26,,208.99000549316406
2016-09-27,,205.80999755859375
2016-09-28,,206.27000427246094
2016-09-29,,200.6999969482422
2016-09-30,,204.02999877929688
2016-10-03,,213.6999969482422
2016-10-04,,211.41000366210938
2016-10-05,,208.4600067138672
2016-10-06,,201.0
2016-10-07,,196.61000061035156
2016-10-10,,200.9499969482422
2016-10-11,,200.10000610351562
2016-10-12,,201.50999450683594
2016-10-13,,200.24000549316406
2016-10-14,,196.50999450683594
2016-10-17,,193.9600067138672
2016-10-18,,199.10000610351562
2016-10-19,,203.55999755859375
2016-10-20,,199.10000610351562
2016-10-21,,200.08999633789062
2016-10-24,,202.75999450683594
2016-10-25,,202.33999633789062
2016-10-26,,202.24000549316406
2016-10-27,,204.00999450683594
2016-10-28,,199.97000122070312
2016-10-31,,197.72999572753906
2016-11-01,,190.7899932861328
2016-11-02,,188.02000427246094
2016-11-03,,187.4199981689453
2016-11-04,,190.55999755859375
2016-11-07,,193.2100067138672
2016-11-08,,194.94000244140625
2016-11-09,,190.05999755859375
2016-11-10,,185.35000610351562
2016-11-11,,188.55999755859375
2016-11-14,,181.4499969482422
2016-11-15,,183.77000427246094
2016-11-16,,183.92999267578125
2016-11-17,,188.66000366210938
2016-11-18,,185.02000427246094
2016-11-21,,184.52000427246094
2016-11-22,,191.1699981689453
2016-11-23,,193.13999938964844
2016-11-25,,196.64999389648438
2016-11-28,,196.1199951171875
2016-11-29,,189.57000732421875
2016-11-30,,189.39999389648438
2016-12-01,,181.8800048828125
2016-12-02,,181.47000122070312
2016-12-05,,186.8000030517578
2016-12-06,,185.85000610351562
2016-12-07,,193.14999389648438
2016-12-08,,192.2899932861328
2016-12-09,,192.17999267578125
2016-12-12,,192.42999267578125
2016-12-13,,198.14999389648438
2016-12-14,,198.69000244140625
2016-12-15,,197.5800018310547
2016-12-16,,202.49000549316406
2016-12-19,,202.72999572753906
2016-12-20,,208.7899932861328
2016-12-21,,207.6999969482422
2016-12-22,,208.4499969482422
2016-12-23,,213.33999633789062
2016-12-27,,219.52999877929688
2016-12-28,,219.74000549316406
2016-12-29,,214.67999267578125
2016-12-30,,213.69000244140625
2017-01-03,,216.99000549316406
2017-01-04,,226.99000549316406
2017-01-05,,226.75
2017-01-06,,229.00999450683594
2017-01-09,,231.27999877929688
2017-01-10,,229.8699951171875
2017-01-11,,229.72999572753906
2017-01-12,,229.58999633789062
2017-01-13,,237.75
2017-01-17,,235.5800018310547
2017-01-18,,238.36000061035156
2017-01-19,,243.75999450683594
2017-01-20,,244.72999572753906
2017-01-23,,248.9199981689453
2017-01-24,,254.61000061035156
2017-01-25,,254.47000122070312
2017-01-26,,252.50999450683594
2017-01-27,,252.9499969482422
2017-01-30,,250.6300048828125
2017-01-31,,251.92999267578125
2017-02-01,,249.24000549316406
2017-02-02,,251.5500030517578
2017-02-03,,251.3300018310547
2017-02-06,,257.7699890136719
2017-02-07,,257.4800109863281
2017-02-08,,262.0799865722656
2017-02-09,,269.20001220703125
2017-02-10,,269.2300109863281
2017-02-13,,280.6000061035156
2017-02-14,,280.9800109863281
2017-02-15,,279.760009765625
2017-02-16,,268.95001220703125
2017-02-17,,272.2300109863281
2017-02-21,,277.3900146484375
2017-02-22,,273.510009765625
2017-02-23,,255.99000549316406
2017-02-24,,257.0
2017-02-27,,246.22999572753906
2017-02-28,,249.99000549316406
2017-03-01,,250.02000427246094
2017-03-02,,250.47999572753906
2017-03-03,,251.57000732421875
2017-03-06,,251.2100067138672
2017-03-07,,248.58999633789062
2017-03-08,,246.8699951171875
2017-03-09,,244.89999389648438
2017-03-10,,243.69000244140625
2017-03-13,,246.1699981689453
2017-03-14,,258.0
2017-03-15,,255.72999572753906
2017-03-16,,262.04998779296875
2017-03-17,,261.5
2017-03-20,,261.9200134277344
2017-03-21,,250.67999267578125
2017-03-22,,255.00999450683594
2017-03-23,,254.77999877929688
2017-03-24,,263.1600036621094
2017-03-27,,270.2200012207031
2017-03-28,,277.45001220703125
2017-03-29,,277.3800048828125
2017-03-30,,277.9200134277344
2017-03-31,,278.29998779296875
2017-04-03,,298.5199890136719
2017-04-04,,303.70001220703125
2017-04-05,,295.0
2017-04-06,,298.70001220703125
2017-04-07,,302.5400085449219
2017-04-10,,312.3900146484375
2017-04-11,,308.7099914550781
2017-04-12,,296.8399963378906
2017-04-13,,304.0
2017-04-17,,301.44000244140625
2017-04-18,,300.25
2017-04-19,,305.5199890136719
2017-04-20,,302.510009765625
2017-04-21,,305.6000061035156
2017-04-24,,308.0299987792969
2017-04-25,,313.7900085449219
2017-04-26,,310.1700134277344
2017-04-27,,308.6300048828125
2017-04-28,,314.07000732421875
2017-05-01,,322.8299865722656
2017-05-02,,318.8900146484375
2017-05-03,,311.0199890136719
2017-05-04,,295.4599914550781
2017-05-05,,308.3500061035156
2017-05-08,,307.19000244140625
2017-05-09,,321.260009765625
2017-05-10,,325.2200012207031
2017-05-11,,323.1000061035156
2017-05-12,,324.80999755859375
2017-05-15,,315.8800048828125
2017-05-16,,317.010009765625
2017-05-17,,306.1099853515625
2017-05-18,,313.05999755859375
2017-05-19,,310.8299865722656
2017-05-22,,310.3500061035156
2017-05-23,,303.8599853515625
2017-05-24,,310.2200012207031
2017-05-25,,316.8299865722656
2017-05-26,,325.1400146484375
2017-05-30,,335.1000061035156
2017-05-31,,341.010009765625
2017-06-01,,340.3699951171875
2017-06-02,,339.8500061035156
2017-06-05,,347.32000732421875
2017-06-06,,352.8500061035156
2017-06-07,,359.6499938964844
2017-06-08,,370.0
2017-06-09,,357.32000732421875
2017-06-12,,359.010009765625
2017-06-13,,375.95001220703125
2017-06-14,,380.6600036621094
2017-06-15,,375.3399963378906
2017-06-16,,371.3999938964844
2017-06-19,,369.79998779296875
2017-06-20,,372.239990234375
2017-06-21,,376.3999938964844
2017-06-22,,382.6099853515625
2017-06-23,,383.45001220703125
2017-06-26,,377.489990234375
2017-06-27,,362.3699951171875
2017-06-28,,371.239990234375
2017-06-29,,360.75
2017-06-30,,361.6099853515625
2017-07-03,,352.6199951171875
2017-07-05,,327.0899963378906
2017-07-06,,308.8299865722656
2017-07-07,,313.2200012207031
2017-07-10,,316.04998779296875
2017-07-11,,327.2200012207031
2017-07-12,,329.5199890136719
2017-07-13,,323.4100036621094
2017-07-14,,327.7799987792969
2017-07-17,,319.57000732421875
2017-07-18,,328.239990234375
2017-07-19,,325.260009765625
2017-07-20,,329.9200134277344
2017-07-21,,328.3999938964844
2017-07-24,,342.5199890136719
2017-07-25,,339.6000061035156
2017-07-26,,343.8500061035156
2017-07-27,,334.4599914550781
2017-07-28,,335.07000732421875
2017-07-31,,323.4700012207031
2017-08-01,,319.57000732421875
2017-08-02,,325.8900146484375
2017-08-03,,347.0899963378906
2017-08-04,,356.9100036621094
2017-08-07,,355.1700134277344
2017-08-08,,365.2200012207031
2017-08-09,,363.5299987792969
2017-08-10,,355.3999938964844
2017-08-11,,357.8699951171875
2017-08-14,,363.79998779296875
2017-08-15,,362.3299865722656
2017-08-16,,362.9100036621094
2017-08-17,,351.9200134277344
2017-08-18,,347.4599914550781
2017-08-21,,337.8599853515625
2017-08-22,,341.3500061035156
2017-08-23,,352.7699890136719
2017-08-24,,352.92999267578125
2017-08-25,,348.04998779296875
2017-08-28,,345.6600036621094
2017-08-29,,347.3599853515625
2017-08-30,,353.17999267578125
2017-08-31,,355.8999938964844
2017-09-01,,355.3999938964844
2017-09-05,,349.5899963378906
2017-09-06,,344.5299987792969
2017-09-07,,350.6099853515625
2017-09-08,,343.3999938964844
2017-09-11,,363.69000244140625
2017-09-12,,362.75
2017-09-13,,366.2300109863281
2017-09-14,,377.6400146484375
2017-09-15,,379.80999755859375
2017-09-18,,385.0
2017-09-19,,375.1000061035156
2017-09-20,,373.9100036621094
2017-09-21,,366.4800109863281
2017-09-22,,351.0899963378906
2017-09-25,,344.989990234375
2017-09-26,,345.25
2017-09-27,,340.9700012207031
2017-09-28,,339.6000061035156
2017-09-29,,341.1000061035156
2017-10-02,,341.5299987792969
2017-10-03,,348.1400146484375
2017-10-04,,355.010009765625
2017-10-05,,355.3299865722656
2017-10-06,,356.8800048828125
2017-10-09,,342.94000244140625
2017-10-10,,355.5899963378906
2017-10-11,,354.6000061035156
2017-10-12,,355.67999267578125
2017-10-13,,355.57000732421875
2017-10-16,,350.6000061035156
2017-10-17,,355.75
2017-10-18,,359.6499938964844
2017-10-19,,351.80999755859375
2017-10-20,,345.1000061035156
2017-10-23,,337.0199890136719
2017-10-24,,337.3399963378906
2017-10-25,,325.8399963378906
2017-10-26,,326.1700134277344
2017-10-27,,320.8699951171875
2017-10-30,,320.0799865722656
2017-10-31,,331.5299987792969
2017-11-01,,321.0799865722656
2017-11-02,,299.260009765625
2017-11-03,,306.0899963378906
2017-11-06,,302.7799987792969
2017-11-07,,306.04998779296875
2017-11-08,,304.3900146484375
2017-11-09,,302.989990234375
2017-11-10,,302.989990234375
2017-11-13,,315.3999938964844
2017-11-14,,308.70001220703125
2017-11-15,,311.29998779296875
2017-11-16,,312.5
2017-11-17,,315.04998779296875
2017-11-20,,308.739990234375
2017-11-21,,317.80999755859375
2017-11-22,,312.6000061035156
2017-11-24,,315.54998779296875
2017-11-27,,316.80999755859375
2017-11-28,,317.54998779296875
2017-11-29,,307.5400085449219
2017-11-30,,308.8500061035156
2017-12-01,,306.5299987792969
2017-12-04,,305.20001220703125
2017-12-05,,303.70001220703125
2017-12-06,,313.260009765625
2017-12-07,,311.239990234375
2017-12-08,,315.1300048828125
2017-12-11,,328.9100036621094
2017-12-12,,341.0299987792969
2017-12-13,,339.0299987792969
2017-12-14,,337.8900146484375
2017-12-15,,343.45001220703125
2017-12-18,,338.8699951171875
2017-12-19,,331.1000061035156
2017-12-20,,328.9800109863281
2017-12-21,,331.6600036621094
2017-12-22,,325.20001220703125
2017-12-26,,317.2900085449219
2017-12-27,,311.6400146484375
2017-12-28,,315.3599853515625
2017-12-29,,311.3500061035156
2018-01-02,,320.5299987792969
2018-01-03,,317.25
2018-01-04,,314.6199951171875
2018-01-05,,316.5799865722656
2018-01-08,,336.4100036621094
2018-01-09,,333.69000244140625
2018-01-10,,334.79998779296875
2018-01-11,,337.95001220703125
2018-01-12,,336.2200012207031
2018-01-16,,340.05999755859375
2018-01-17,,347.1600036621094
2018-01-18,,344.57000732421875
2018-01-19,,350.0199890136719
2018-01-22,,351.55999755859375
2018-01-23,,352.7900085449219
2018-01-24,,345.8900146484375
2018-01-25,,337.6400146484375
2018-01-26,,342.8500061035156
2018-01-29,,349.5299987792969
2018-01-30,,345.82000732421875
2018-01-31,,354.30999755859375
2018-02-01,,349.25
2018-02-02,,343.75
2018-02-05,,333.1300048828125
2018-02-06,,333.9700012207031
2018-02-07,,345.0
2018-02-08,,315.2300109863281
2018-02-09,,310.4200134277344
2018-02-12,,315.7300109863281
2018-02-13,,323.6600036621094
2018-02-14,,322.30999755859375
2018-02-15,,334.07000732421875
2018-02-16,,335.489990234375
2018-02-20,,334.7699890136719
2018-02-21,,333.29998779296875
2018-02-22,,346.1700134277344
2018-02-23,,352.04998779296875
2018-02-26,,357.4200134277344
2018-02-27,,350.989990234375
2018-02-28,,343.05999755859375
2018-03-01,,330.92999267578125
2018-03-02,,335.1199951171875
2018-03-05,,333.3500061035156
2018-03-06,,328.20001220703125
2018-03-07,,332.29998779296875
2018-03-08,,329.1000061035156
2018-03-09,,327.1700134277344
2018-03-12,,345.510009765625
2018-03-13,,341.8399963378906
2018-03-14,,326.6300048828125
2018-03-15,,325.6000061035156
2018-03-16,,321.3500061035156
2018-03-19,,313.55999755859375
2018-03-20,,310.54998779296875
2018-03-21,,316.5299987792969
2018-03-22,,309.1000061035156
2018-03-23,,301.5400085449219
2018-03-26,,304.17999267578125
2018-03-27,,279.17999267578125
2018-03-28,,257.7799987792969
2018-03-29,,266.1300048828125
2018-04-02,,252.47999572753906
2018-04-03,,267.5299987792969
2018-04-04,,286.94000244140625
2018-04-05,,305.7200012207031
2018-04-06,,299.29998779296875
2018-04-09,,289.6600036621094
2018-04-10,,304.70001220703125
2018-04-11,,300.92999267578125
2018-04-12,,294.0799865722656
2018-04-13,,300.3399963378906
2018-04-16,,291.2099914550781
2018-04-17,,287.69000244140625
2018-04-18,,293.3500061035156
2018-04-19,,300.0799865722656
2018-04-20,,290.239990234375
2018-04-23,,283.3699951171875
2018-04-24,,283.4599914550781
2018-04-25,,280.69000244140625
2018-04-26,,285.4800109863281
2018-04-27,,294.0799865722656
2018-04-30,,293.8999938964844
2018-05-01,,299.9200134277344
2018-05-02,,301.1499938964844
2018-05-03,,284.45001220703125
2018-05-04,,294.0899963378906
2018-05-07,,302.7699890136719
2018-05-08,,301.9700012207031
2018-05-09,,306.8500061035156
2018-05-10,,305.0199890136719
2018-05-11,,301.05999755859375
2018-05-14,,291.9700012207031
2018-05-15,,284.17999267578125
2018-05-16,,286.4800109863281
2018-05-17,,284.5400085449219
2018-05-18,,276.82000732421875
2018-05-21,,284.489990234375
2018-05-22,,275.010009765625
2018-05-23,,279.07000732421875
2018-05-24,,277.8500061035156
2018-05-25,,278.8500061035156
2018-05-29,,283.760009765625
2018-05-30,,291.7200012207031
2018-05-31,,284.7300109863281
2018-06-01,,291.82000732421875
2018-06-04,,296.739990234375
2018-06-05,,291.1300048828125
2018-06-06,,319.5
2018-06-07,,316.0899963378906
2018-06-08,,317.6600036621094
2018-06-11,,332.1000061035156
2018-06-12,,342.7699890136719
2018-06-13,,344.7799987792969
2018-06-14,,357.7200012207031
2018-06-15,,358.1700134277344
2018-06-18,,370.8299865722656
2018-06-19,,352.54998779296875
2018-06-20,,362.2200012207031
2018-06-21,,347.510009765625
2018-06-22,,333.6300048828125
2018-06-25,,333.010009765625
2018-06-26,,342.0
2018-06-27,,344.5
2018-06-28,,349.92999267578125
2018-06-29,,342.95001220703125
2018-07-02,,335.07000732421875
2018-07-03,,310.8599853515625
2018-07-05,,309.1600036621094
2018-07-06,,308.8999938964844
2018-07-09,,318.510009765625
2018-07-10,,322.4700012207031
2018-07-11,,318.9599914550781
2018-07-12,,316.7099914550781
2018-07-13,,318.8699951171875
2018-07-16,,310.1000061035156
2018-07-17,,322.69000244140625
2018-07-18,,323.8500061035156
2018-07-19,,320.2300109863281
2018-07-20,,313.5799865722656
2018-07-23,,303.20001220703125
2018-07-24,,297.42999267578125
2018-07-25,,308.739990234375
2018-07-26,,306.6499938964844
2018-07-27,,297.17999267578125
2018-07-30,,290.1700134277344
2018-07-31,,298.1400146484375
2018-08-01,,300.8399963378906
2018-08-02,,349.5400085449219
2018-08-03,,348.1700134277344
2018-08-06,,341.989990234375
2018-08-07,,379.57000732421875
2018-08-08,,370.3399963378906
2018-08-09,,352.45001220703125
2018-08-10,,355.489990234375
2018-08-13,,356.4100036621094
2018-08-14,,347.6400146484375
2018-08-15,,338.69000244140625
2018-08-16,,335.45001220703125
2018-08-17,,305.5
2018-08-20,,308.44000244140625
2018-08-21,,321.8999938964844
2018-08-22,,321.6400146484375
2018-08-23,,320.1000061035156
2018-08-24,,322.82000732421875
2018-08-27,,319.2699890136719
2018-08-28,,311.8599853515625
2018-08-29,,305.010009765625
2018-08-30,,303.1499938964844
2018-08-31,,301.6600036621094
2018-09-04,,288.95001220703125
2018-09-05,,280.739990234375
2018-09-06,,280.95001220703125
2018-09-07,,263.239990234375
2018-09-10,,285.5
2018-09-11,,279.44000244140625
2018-09-12,,290.5400085449219
2018-09-13,,289.4599914550781
2018-09-14,,295.20001220703125
2018-09-17,,294.8399963378906
2018-09-18,,284.9599914550781
2018-09-19,,299.0199890136719
2018-09-20,,298.3299865722656
2018-09-21,,299.1000061035156
2018-09-24,,299.67999267578125
2018-09-25,,300.989990234375
2018-09-26,,309.5799865722656
2018-09-27,,307.5199890136719
2018-09-28,,264.7699890136719
2018-10-01,,310.70001220703125
2018-10-02,,301.0199890136719
2018-10-03,,294.79998779296875
2018-10-04,,281.8299865722656
2018-10-05,,261.95001220703125
2018-10-08,,250.55999755859375
2018-10-09,,262.79998779296875
2018-10-10,,256.8800048828125
2018-10-11,,252.22999572753906
2018-10-12,,258.7799987792969
2018-10-15,,259.5899963378906
2018-10-16,,276.5899963378906
2018-10-17,,271.7799987792969
2018-10-18,,263.9100036621094
2018-10-19,,260.0
2018-10-22,,260.95001220703125
2018-10-23,,294.1400146484375
2018-10-24,,288.5
2018-10-25,,314.8599853515625
2018-10-26,,330.8999938964844
2018-10-29,,334.8500061035156
2018-10-30,,329.8999938964844
2018-10-31,,337.32000732421875
2018-11-01,,344.2799987792969
2018-11-02,,346.4100036621094
2018-11-05,,341.3999938964844
2018-11-06,,341.05999755859375
2018-11-07,,348.1600036621094
2018-11-08,,351.3999938964844
2018-11-09,,350.510009765625
2018-11-12,,331.2799987792969
2018-11-13,,338.7300109863281
2018-11-14,,344.0
2018-11-15,,348.44000244140625
2018-11-16,,354.30999755859375
2018-11-19,,353.4700012207031
2018-11-20,,347.489990234375
2018-11-21,,338.19000244140625
2018-11-23,,325.8299865722656
2018-11-26,,346.0
2018-11-27,,343.9200134277344
2018-11-28,,347.8699951171875
2018-11-29,,341.1700134277344
2018-11-30,,350.4800109863281
2018-12-03,,358.489990234375
2018-12-04,,359.70001220703125
2018-12-06,,363.05999755859375
2018-12-07,,357.9700012207031
2018-12-10,,365.1499938964844
2018-12-11,,366.760009765625
2018-12-12,,366.6000061035156
2018-12-13,,376.7900085449219
2018-12-14,,365.7099914550781
2018-12-17,,348.4200134277344
2018-12-18,,337.0299987792969
2018-12-19,,332.9700012207031
2018-12-20,,315.3800048828125
2018-12-21,,319.7699890136719
2018-12-24,,295.3900146484375
2018-12-26,,326.0899963378906
2018-12-27,,316.1300048828125
2018-12-28,,333.8699951171875
2018-12-31,,332.79998779296875
2019-01-02,,310.1199951171875
2019-01-03,,300.3599853515625
2019-01-04,,317.69000244140625
2019-01-07,,334.9599914550781
2019-01-08,,335.3500061035156
2019-01-09,,338.5299987792969
2019-01-10,,344.9700012207031
2019-01-11,,347.260009765625
2019-01-14,,334.3999938964844
2019-01-15,,344.42999267578125
2019-01-16,,346.04998779296875
2019-01-17,,347.30999755859375
2019-01-18,,302.260009765625
2019-01-22,,298.9200134277344
2019-01-23,,287.5899963378906
2019-01-24,,291.510009765625
2019-01-25,,297.0400085449219
2019-01-28,,296.3800048828125
2019-01-29,,297.4599914550781
2019-01-30,,308.7699890136719
2019-01-31,,307.0199890136719
2019-02-01,,312.2099914550781
2019-02-04,,312.8900146484375
2019-02-05,,321.3500061035156
2019-02-06,,317.2200012207031
2019-02-07,,307.510009765625
2019-02-08,,305.79998779296875
2019-02-11,,312.8399963378906
2019-02-12,,311.80999755859375
2019-02-13,,308.1700134277344
2019-02-14,,303.7699890136719
2019-02-15,,307.8800048828125
2019-02-19,,305.6400146484375
2019-02-20,,302.55999755859375
2019-02-21,,291.2300109863281
2019-02-22,,294.7099914550781
2019-02-25,,298.7699890136719
2019-02-26,,297.8599853515625
2019-02-27,,314.739990234375
2019-02-28,,319.8800048828125
2019-03-01,,294.7900085449219
2019-03-04,,285.3599853515625
2019-03-05,,276.5400085449219
2019-03-06,,276.239990234375
2019-03-07,,276.5899963378906
2019-03-08,,284.1400146484375
2019-03-11,,290.9200134277344
2019-03-12,,283.3599853515625
2019-03-13,,288.9599914550781
2019-03-14,,289.9599914550781
2019-03-15,,275.42999267578125
2019-03-18,,269.489990234375
2019-03-19,,267.4700012207031
2019-03-20,,273.6000061035156
2019-03-21,,274.0199890136719
2019-03-22,,264.5299987792969
2019-03-25,,260.4200134277344
2019-03-26,,267.7699890136719
2019-03-27,,274.8299865722656
2019-03-28,,278.6199951171875
2019-03-29,,279.8599853515625
2019-04-01,,289.17999267578125
2019-04-02,,285.8800048828125
2019-04-03,,291.80999755859375
2019-04-04,,267.7799987792969
2019-04-05,,274.9599914550781
2019-04-08,,273.20001220703125
2019-04-09,,272.30999755859375
2019-04-10,,276.05999755859375
2019-04-11,,268.4200134277344
2019-04-12,,267.70001220703125
2019-04-15,,266.3800048828125
2019-04-16,,273.3599853515625
2019-04-17,,271.2300109863281
2019-04-18,,273.260009765625
2019-04-22,,262.75
2019-04-23,,263.8999938964844
2019-04-24,,258.6600036621094
2019-04-25,,247.6300048828125
2019-04-26,,235.13999938964844
2019-04-29,,241.47000122070312
2019-04-30,,238.69000244140625
2019-05-01,,234.00999450683594
2019-05-02,,244.10000610351562
2019-05-03,,255.02999877929688
2019-05-06,,255.33999633789062
2019-05-07,,247.05999755859375
2019-05-08,,244.83999633789062
2019-05-09,,241.97999572753906
2019-05-10,,239.52000427246094
2019-05-13,,227.00999450683594
2019-05-14,,232.30999755859375
2019-05-15,,231.9499969482422
2019-05-16,,228.3300018310547
2019-05-17,,211.02999877929688
2019-05-20,,205.36000061035156
2019-05-21,,205.0800018310547
2019-05-22,,192.72999572753906
2019-05-23,,195.49000549316406
2019-05-24,,190.6300048828125
2019-05-28,,188.6999969482422
2019-05-29,,189.86000061035156
2019-05-30,,188.22000122070312
2019-05-31,,185.16000366210938
2019-06-03,,178.97000122070312
2019-06-04,,193.60000610351562
2019-06-05,,196.58999633789062
2019-06-06,,205.9499969482422
2019-06-07,,204.5
2019-06-10,,212.8800048828125
2019-06-11,,217.10000610351562
2019-06-12,,209.25999450683594
2019-06-13,,213.91000366210938
2019-06-14,,214.9199981689453
2019-06-17,,225.02999877929688
2019-06-18,,224.74000549316406
2019-06-19,,226.42999267578125
2019-06-20,,219.6199951171875
2019-06-21,,221.86000061035156
2019-06-24,,223.63999938964844
2019-06-25,,219.75999450683594
2019-06-26,,219.27000427246094
2019-06-27,,222.83999633789062
2019-06-28,,223.4600067138672
2019-07-01,,227.1699981689453
2019-07-02,,224.5500030517578
2019-07-03,,234.89999389648438
2019-07-05,,233.10000610351562
2019-07-08,,230.33999633789062
2019-07-09,,230.05999755859375
2019-07-10,,238.9199981689453
2019-07-11,,238.60000610351562
2019-07-12,,245.0800018310547
2019-07-15,,253.5
2019-07-16,,252.3800048828125
2019-07-17,,254.86000061035156
2019-07-18,,253.5399932861328
2019-07-19,,258.17999267578125
2019-07-22,,255.67999267578125
2019-07-23,,260.1700134277344
2019-07-24,,264.8800048828125
2019-07-25,39.16999816894531,228.82000732421875
2019-07-26,38.29999923706055,228.0399932861328
2019-07-29,41.41999816894531,235.77000427246094
2019-07-30,43.369998931884766,242.25999450683594
2019-07-31,44.25,241.61000061035156
2019-08-01,44.43000030517578,233.85000610351562
2019-08-02,40.540000915527344,234.33999633789062
2019-08-05,38.439998626708984,228.32000732421875
2019-08-06,38.77000045776367,230.75
2019-08-07,40.439998626708984,233.4199981689453
2019-08-08,42.849998474121094,238.3000030517578
2019-08-09,45.90999984741211,235.00999450683594
2019-08-12,48.630001068115234,229.00999450683594
2019-08-13,48.470001220703125,235.0
2019-08-14,43.400001525878906,219.6199951171875
2019-08-15,41.5099983215332,215.63999938964844
2019-08-16,42.3849983215332,219.94000244140625
2019-08-19,44.630001068115234,226.8300018310547
2019-08-20,43.25,225.86000061035156
2019-08-21,43.65999984741211,220.8300018310547
2019-08-22,42.939998626708984,222.14999389648438
2019-08-23,38.630001068115234,211.39999389648438
2019-08-26,40.880001068115234,215.0
2019-08-27,40.27000045776367,214.0800018310547
2019-08-28,40.0,215.58999633789062
2019-08-29,40.11000061035156,221.7100067138672
2019-08-30,39.86000061035156,225.61000061035156
2019-09-03,39.220001220703125,225.00999450683594
2019-09-04,39.95000076293945,220.67999267578125
2019-09-05,36.939998626708984,229.5800018310547
2019-09-06,36.369998931884766,227.4499969482422
2019-09-09,34.70000076293945,231.7899932861328
2019-09-10,33.099998474121094,235.5399932861328
2019-09-11,34.43000030517578,247.10000610351562
2019-09-12,34.040000915527344,245.8699951171875
2019-09-13,35.33000183105469,245.1999969482422
2019-09-16,37.02000045776367,242.80999755859375
2019-09-17,38.189998626708984,244.7899932861328
2019-09-18,38.709999084472656,243.49000549316406
2019-09-19,36.459999084472656,246.60000610351562
2019-09-20,37.95000076293945,240.6199951171875
2019-09-23,37.9900016784668,241.22999572753906
2019-09-24,35.75,223.2100067138672
2019-09-25,33.70000076293945,228.6999969482422
2019-09-26,31.649999618530273,242.55999755859375
2019-09-27,30.309999465942383,242.1300048828125
2019-09-30,31.639999389648438,240.8699951171875
2019-10-01,29.149999618530273,244.69000244140625
2019-10-02,28.149999618530273,243.1300048828125
2019-10-03,28.530000686645508,233.02999877929688
2019-10-04,27.200000762939453,231.42999267578125
2019-10-07,28.43000030517578,237.72000122070312
2019-10-08,27.139999389648438,240.0500030517578
2019-10-09,26.440000534057617,244.52999877929688
2019-10-10,26.950000762939453,244.74000549316406
2019-10-11,27.81999969482422,247.88999938964844
2019-10-14,28.600000381469727,256.9599914550781
2019-10-15,28.600000381469727,257.8900146484375
2019-10-16,30.100000381469727,259.75
2019-10-17,28.420000076293945,261.9700012207031
2019-10-18,29.0,256.95001220703125
2019-10-21,28.290000915527344,253.5
2019-10-22,27.420000076293945,255.5800018310547
2019-10-23,27.75,254.67999267578125
2019-10-24,28.8799991607666,299.67999267578125
2019-10-25,29.770000457763672,328.1300048828125
2019-10-28,29.989999771118164,327.7099914550781
2019-10-29,29.84000015258789,316.2200012207031
2019-10-30,32.119998931884766,315.010009765625
2019-10-31,32.15999984741211,314.9200134277344
2019-11-01,33.939998626708984,313.30999755859375
2019-11-04,33.27000045776367,317.4700012207031
2019-11-05,33.61000061035156,317.2200012207031
2019-11-06,33.38999938964844,326.5799865722656
2019-11-07,34.060001373291016,335.5400085449219
2019-11-08,35.0099983215332,337.1400146484375
2019-11-11,34.650001525878906,345.0899963378906
2019-11-12,33.4900016784668,349.92999267578125
2019-11-13,35.29999923706055,346.1099853515625
2019-11-14,33.7400016784668,349.3500061035156
2019-11-15,34.369998931884766,352.1700134277344
2019-11-18,34.380001068115234,349.989990234375
2019-11-19,36.1150016784668,359.5199890136719
2019-11-20,37.279998779296875,352.2200012207031
2019-11-21,37.22999954223633,354.8299865722656
2019-11-22,37.41999816894531,333.0400085449219
2019-11-25,37.90999984741211,336.3399963378906
2019-11-26,38.04999923706055,328.9200134277344
2019-11-27,37.47999954223633,331.2900085449219
2019-11-29,39.72999954223633,329.94000244140625
2019-12-02,37.9900016784668,334.8699951171875
2019-12-03,39.40999984741211,336.20001220703125
2019-12-04,39.4900016784668,333.0299987792969
2019-12-05,40.61000061035156,330.3699951171875
2019-12-06,40.630001068115234,335.8900146484375
2019-12-09,40.5,339.5299987792969
2019-12-10,39.279998779296875,348.8399963378906
2019-12-11,35.59000015258789,352.70001220703125
2019-12-12,34.2599983215332,359.67999267578125
2019-12-13,33.439998626708984,358.3900146484375
2019-12-16,32.70000076293945,381.5
2019-12-17,31.3700008392334,378.989990234375
2019-12-18,31.139999389648438,393.1499938964844
2019-12-19,30.31999969482422,404.0400085449219
2019-12-20,34.470001220703125,405.5899963378906
2019-12-23,36.63999938964844,419.2200012207031
2019-12-24,33.65999984741211,425.25
2019-12-26,32.959999084472656,430.94000244140625
2019-12-27,34.13999938964844,430.3800048828125
2019-12-30,34.119998931884766,414.70001220703125
2019-12-31,34.70000076293945,418.3299865722656
2020-01-02,34.11000061035156,430.260009765625
2020-01-03,34.43000030517578,443.010009765625
2020-01-06,35.189998626708984,451.5400085449219
2020-01-07,35.79999923706055,469.05999755859375
2020-01-08,36.27000045776367,492.1400146484375
2020-01-09,37.255001068115234,481.3399963378906
2020-01-10,36.79999923706055,478.1499938964844
2020-01-13,37.599998474121094,524.8599853515625
2020-01-14,35.310001373291016,537.9199829101562
2020-01-15,36.220001220703125,518.5
2020-01-16,34.939998626708984,513.489990234375
2020-01-17,34.119998931884766,510.5
2020-01-21,37.0,547.2000122070312
2020-01-22,36.25,569.5599975585938
2020-01-23,35.220001220703125,572.2000122070312
2020-01-24,34.970001220703125,564.8200073242188
2020-01-27,35.099998474121094,558.02001953125
2020-01-28,33.880001068115234,566.9000244140625
2020-01-29,33.540000915527344,580.989990234375
2020-01-30,33.310001373291016,640.8099975585938
2020-01-31,32.650001525878906,650.5700073242188
2020-02-03,33.22999954223633,780.0
2020-02-04,33.369998931884766,887.0599975585938
2020-02-05,33.02000045776367,734.7000122070312
2020-02-06,31.899999618530273,748.9600219726562
2020-02-07,32.959999084472656,748.0700073242188
2020-02-10,32.41999816894531,771.280029296875
2020-02-11,32.810001373291016,774.3800048828125
2020-02-12,31.760000228881836,767.2899780273438
2020-02-13,31.559999465942383,804.0
2020-02-14,30.979999542236328,800.030029296875
2020-02-18,31.0,858.4000244140625
